"Estado","Clave Estado","Municipio","Clave Municipio","Valor","Clasificacion"
"Aguascalientes",1,"Aguascalientes",1001,0.821,"MUY ALTO"
"Aguascalientes",1,"Asientos",1002,0.704,"ALTO"
"Aguascalientes",1,"Calvillo",1003,0.708,"ALTO"
"Aguascalientes",1,"Cosío",1004,0.719,"ALTO"
"Aguascalientes",1,"Jesús María",1005,0.782,"ALTO"
"Aguascalientes",1,"Pabellón de Arteaga",1006,0.76,"ALTO"
"Aguascalientes",1,"Rincón de Romos",1007,0.729,"ALTO"
"Aguascalientes",1,"San José de Gracia",1008,0.739,"ALTO"
"Aguascalientes",1,"Tepezalá",1009,0.728,"ALTO"
"Aguascalientes",1,"El Llano",1010,0.691,"MEDIO"
"Aguascalientes",1,"San Francisco de los Romo",1011,0.71,"ALTO"
"Baja California",2,"Ensenada",2001,0.782,"ALTO"
"Baja California",2,"Mexicali",2002,0.809,"MUY ALTO"
"Baja California",2,"Tecate",2003,0.764,"ALTO"
"Baja California",2,"Tijuana",2004,0.792,"ALTO"
"Baja California",2,"Playas de Rosarito",2005,0.746,"ALTO"
"Baja California Sur",3,"Comondú",3001,0.764,"ALTO"
"Baja California Sur",3,"Mulegé",3002,0.76,"ALTO"
"Baja California Sur",3,"La Paz",3003,0.815,"MUY ALTO"
"Baja California Sur",3,"Los Cabos",3008,0.786,"ALTO"
"Baja California Sur",3,"Loreto",3009,0.759,"ALTO"
"Campeche",4,"Calkiní",4001,0.739,"ALTO"
"Campeche",4,"Campeche",4002,0.795,"ALTO"
"Campeche",4,"Carmen",4003,0.799,"ALTO"
"Campeche",4,"Champotón",4004,0.718,"ALTO"
"Campeche",4,"Hecelchakán",4005,0.731,"ALTO"
"Campeche",4,"Hopelchén",4006,0.643,"MEDIO"
"Campeche",4,"Palizada",4007,0.677,"MEDIO"
"Campeche",4,"Tenabo",4008,0.727,"ALTO"
"Campeche",4,"Escárcega",4009,0.676,"MEDIO"
"Campeche",4,"Calakmul",4010,0.62,"MEDIO"
"Campeche",4,"Candelaria",4011,0.648,"MEDIO"
"Coahuila",5,"Abasolo",5001,0.774,"ALTO"
"Coahuila",5,"Acuña",5002,0.769,"ALTO"
"Coahuila",5,"Allende",5003,0.741,"ALTO"
"Coahuila",5,"Arteaga",5004,0.745,"ALTO"
"Coahuila",5,"Candela",5005,0.682,"MEDIO"
"Coahuila",5,"Castaños",5006,0.739,"ALTO"
"Coahuila",5,"Cuatro Ciénegas",5007,0.74,"ALTO"
"Coahuila",5,"Escobedo",5008,0.716,"ALTO"
"Coahuila",5,"Francisco I. Madero",5009,0.756,"ALTO"
"Coahuila",5,"Frontera",5010,0.778,"ALTO"
"Coahuila",5,"General Cepeda",5011,0.703,"ALTO"
"Coahuila",5,"Guerrero",5012,0.705,"ALTO"
"Coahuila",5,"Hidalgo",5013,0.695,"MEDIO"
"Coahuila",5,"Jiménez",5014,0.699,"MEDIO"
"Coahuila",5,"Juárez",5015,0.714,"ALTO"
"Coahuila",5,"Lamadrid",5016,0.755,"ALTO"
"Coahuila",5,"Matamoros",5017,0.753,"ALTO"
"Coahuila",5,"Monclova",5018,0.791,"ALTO"
"Coahuila",5,"Morelos",5019,0.764,"ALTO"
"Coahuila",5,"Múzquiz",5020,0.748,"ALTO"
"Coahuila",5,"Nadadores",5021,0.757,"ALTO"
"Coahuila",5,"Nava",5022,0.757,"ALTO"
"Coahuila",5,"Ocampo",5023,0.723,"ALTO"
"Coahuila",5,"Parras",5024,0.761,"ALTO"
"Coahuila",5,"Piedras Negras",5025,0.777,"ALTO"
"Coahuila",5,"Progreso",5026,0.707,"ALTO"
"Coahuila",5,"Ramos Arizpe",5027,0.79,"ALTO"
"Coahuila",5,"Sabinas",5028,0.777,"ALTO"
"Coahuila",5,"Sacramento",5029,0.735,"ALTO"
"Coahuila",5,"Saltillo",5030,0.818,"MUY ALTO"
"Coahuila",5,"San Buenaventura",5031,0.785,"ALTO"
"Coahuila",5,"San Juan de Sabinas",5032,0.771,"ALTO"
"Coahuila",5,"San Pedro",5033,0.733,"ALTO"
"Coahuila",5,"Sierra Mojada",5034,0.727,"ALTO"
"Coahuila",5,"Torreón",5035,0.804,"MUY ALTO"
"Coahuila",5,"Viesca",5036,0.672,"MEDIO"
"Coahuila",5,"Villa Unión",5037,0.729,"ALTO"
"Coahuila",5,"Zaragoza",5038,0.745,"ALTO"
"Colima",6,"Armería",6001,0.738,"ALTO"
"Colima",6,"Colima",6002,0.803,"MUY ALTO"
"Colima",6,"Comala",6003,0.738,"ALTO"
"Colima",6,"Coquimatlán",6004,0.732,"ALTO"
"Colima",6,"Cuauhtémoc",6005,0.781,"ALTO"
"Colima",6,"Ixtlahuacán",6006,0.7,"MEDIO"
"Colima",6,"Manzanillo",6007,0.787,"ALTO"
"Colima",6,"Minatitlán",6008,0.748,"ALTO"
"Colima",6,"Tecomán",6009,0.724,"ALTO"
"Colima",6,"Villa de Álvarez",6010,0.84,"MUY ALTO"
"Chiapas",7,"Acacoyagua",7001,0.611,"MEDIO"
"Chiapas",7,"Acala",7002,0.661,"MEDIO"
"Chiapas",7,"Acapetahua",7003,0.635,"MEDIO"
"Chiapas",7,"Altamirano",7004,0.554,"MEDIO"
"Chiapas",7,"Amatán",7005,0.589,"MEDIO"
"Chiapas",7,"Amatenango de la Frontera",7006,0.655,"MEDIO"
"Chiapas",7,"Amatenango del Valle",7007,0.549,"BAJO"
"Chiapas",7,"Angel Albino Corzo",7008,0.637,"MEDIO"
"Chiapas",7,"Arriaga",7009,0.713,"ALTO"
"Chiapas",7,"Bejucal de Ocampo",7010,0.583,"MEDIO"
"Chiapas",7,"Bella Vista",7011,0.631,"MEDIO"
"Chiapas",7,"Berriozábal",7012,0.652,"MEDIO"
"Chiapas",7,"Bochil",7013,0.62,"MEDIO"
"Chiapas",7,"El Bosque",7014,0.568,"MEDIO"
"Chiapas",7,"Cacahoatán",7015,0.663,"MEDIO"
"Chiapas",7,"Catazajá",7016,0.649,"MEDIO"
"Chiapas",7,"Cintalapa",7017,0.678,"MEDIO"
"Chiapas",7,"Coapilla",7018,0.631,"MEDIO"
"Chiapas",7,"Comitán de Domínguez",7019,0.695,"MEDIO"
"Chiapas",7,"La Concordia",7020,0.649,"MEDIO"
"Chiapas",7,"Copainalá",7021,0.662,"MEDIO"
"Chiapas",7,"Chalchihuitán",7022,0.464,"BAJO"
"Chiapas",7,"Chamula",7023,0.498,"BAJO"
"Chiapas",7,"Chanal",7024,0.528,"BAJO"
"Chiapas",7,"Chapultenango",7025,0.66,"MEDIO"
"Chiapas",7,"Chenalhó",7026,0.502,"BAJO"
"Chiapas",7,"Chiapa de Corzo",7027,0.715,"ALTO"
"Chiapas",7,"Chiapilla",7028,0.636,"MEDIO"
"Chiapas",7,"Chicoasén",7029,0.615,"MEDIO"
"Chiapas",7,"Chicomuselo",7030,0.636,"MEDIO"
"Chiapas",7,"Chilón",7031,0.531,"BAJO"
"Chiapas",7,"Escuintla",7032,0.663,"MEDIO"
"Chiapas",7,"Francisco León",7033,0.582,"MEDIO"
"Chiapas",7,"Frontera Comalapa",7034,0.661,"MEDIO"
"Chiapas",7,"Frontera Hidalgo",7035,0.679,"MEDIO"
"Chiapas",7,"La Grandeza",7036,0.606,"MEDIO"
"Chiapas",7,"Huehuetán",7037,0.709,"ALTO"
"Chiapas",7,"Huixtán",7038,0.542,"BAJO"
"Chiapas",7,"Huitiupán",7039,0.536,"BAJO"
"Chiapas",7,"Huixtla",7040,0.66,"MEDIO"
"Chiapas",7,"La Independencia",7041,0.596,"MEDIO"
"Chiapas",7,"Ixhuatán",7042,0.631,"MEDIO"
"Chiapas",7,"Ixtacomitán",7043,0.666,"MEDIO"
"Chiapas",7,"Ixtapa",7044,0.601,"MEDIO"
"Chiapas",7,"Ixtapangajoya",7045,0.646,"MEDIO"
"Chiapas",7,"Jiquipilas",7046,0.695,"MEDIO"
"Chiapas",7,"Jitotol",7047,0.545,"BAJO"
"Chiapas",7,"Juárez",7048,0.663,"MEDIO"
"Chiapas",7,"Larráinzar",7049,0.544,"BAJO"
"Chiapas",7,"La Libertad",7050,0.655,"MEDIO"
"Chiapas",7,"Mapastepec",7051,0.674,"MEDIO"
"Chiapas",7,"Las Margaritas",7052,0.552,"MEDIO"
"Chiapas",7,"Mazapa de Madero",7053,0.634,"MEDIO"
"Chiapas",7,"Mazatán",7054,0.672,"MEDIO"
"Chiapas",7,"Metapa",7055,0.692,"MEDIO"
"Chiapas",7,"Mitontic",7056,0.487,"BAJO"
"Chiapas",7,"Motozintla",7057,0.668,"MEDIO"
"Chiapas",7,"Nicolás Ruíz",7058,0.59,"MEDIO"
"Chiapas",7,"Ocosingo",7059,0.593,"MEDIO"
"Chiapas",7,"Ocotepec",7060,0.543,"BAJO"
"Chiapas",7,"Ocozocoautla de Espinosa",7061,0.648,"MEDIO"
"Chiapas",7,"Ostuacán",7062,0.666,"MEDIO"
"Chiapas",7,"Osumacinta",7063,0.678,"MEDIO"
"Chiapas",7,"Oxchuc",7064,0.564,"MEDIO"
"Chiapas",7,"Palenque",7065,0.64,"MEDIO"
"Chiapas",7,"Pantelhó",7066,0.507,"BAJO"
"Chiapas",7,"Pantepec",7067,0.599,"MEDIO"
"Chiapas",7,"Pichucalco",7068,0.65,"MEDIO"
"Chiapas",7,"Pijijiapan",7069,0.66,"MEDIO"
"Chiapas",7,"El Porvenir",7070,0.574,"MEDIO"
"Chiapas",7,"Villa Comaltitlán",7071,0.674,"MEDIO"
"Chiapas",7,"Pueblo Nuevo Solistahuacán",7072,0.597,"MEDIO"
"Chiapas",7,"Rayón",7073,0.651,"MEDIO"
"Chiapas",7,"Reforma",7074,0.702,"ALTO"
"Chiapas",7,"Las Rosas",7075,0.597,"MEDIO"
"Chiapas",7,"Sabanilla",7076,0.61,"MEDIO"
"Chiapas",7,"Salto de Agua",7077,0.607,"MEDIO"
"Chiapas",7,"San Cristóbal de las Casas",7078,0.701,"ALTO"
"Chiapas",7,"San Fernando",7079,0.654,"MEDIO"
"Chiapas",7,"Siltepec",7080,0.626,"MEDIO"
"Chiapas",7,"Simojovel",7081,0.543,"BAJO"
"Chiapas",7,"Sitalá",7082,0.481,"BAJO"
"Chiapas",7,"Socoltenango",7083,0.64,"MEDIO"
"Chiapas",7,"Solosuchiapa",7084,0.599,"MEDIO"
"Chiapas",7,"Soyaló",7085,0.598,"MEDIO"
"Chiapas",7,"Suchiapa",7086,0.69,"MEDIO"
"Chiapas",7,"Suchiate",7087,0.658,"MEDIO"
"Chiapas",7,"Sunuapa",7088,0.654,"MEDIO"
"Chiapas",7,"Tapachula",7089,0.726,"ALTO"
"Chiapas",7,"Tapalapa",7090,0.623,"MEDIO"
"Chiapas",7,"Tapilula",7091,0.686,"MEDIO"
"Chiapas",7,"Tecpatán",7092,0.634,"MEDIO"
"Chiapas",7,"Tenejapa",7093,0.572,"MEDIO"
"Chiapas",7,"Teopisca",7094,0.583,"MEDIO"
"Chiapas",7,"Tila",7096,0.563,"MEDIO"
"Chiapas",7,"Tonalá",7097,0.723,"ALTO"
"Chiapas",7,"Totolapa",7098,0.59,"MEDIO"
"Chiapas",7,"La Trinitaria",7099,0.622,"MEDIO"
"Chiapas",7,"Tumbalá",7100,0.564,"MEDIO"
"Chiapas",7,"Tuxtla Gutiérrez",7101,0.781,"ALTO"
"Chiapas",7,"Tuxtla Chico",7102,0.704,"ALTO"
"Chiapas",7,"Tuzantán",7103,0.67,"MEDIO"
"Chiapas",7,"Tzimol",7104,0.639,"MEDIO"
"Chiapas",7,"Unión Juárez",7105,0.676,"MEDIO"
"Chiapas",7,"Venustiano Carranza",7106,0.569,"MEDIO"
"Chiapas",7,"Villa Corzo",7107,0.661,"MEDIO"
"Chiapas",7,"Villaflores",7108,0.701,"ALTO"
"Chiapas",7,"Yajalón",7109,0.593,"MEDIO"
"Chiapas",7,"San Lucas",7110,0.585,"MEDIO"
"Chiapas",7,"Zinacantán",7111,0.513,"BAJO"
"Chiapas",7,"San Juan Cancuc",7112,0.517,"BAJO"
"Chiapas",7,"Aldama",7113,0.482,"BAJO"
"Chiapas",7,"Benemérito de las Américas",7114,0.627,"MEDIO"
"Chiapas",7,"Maravilla Tenejapa",7115,0.551,"MEDIO"
"Chiapas",7,"Marqués de Comillas",7116,0.614,"MEDIO"
"Chiapas",7,"Montecristo de Guerrero",7117,0.604,"MEDIO"
"Chiapas",7,"San Andrés Duraznal",7118,0.466,"BAJO"
"Chiapas",7,"Santiago el Pinar",7119,0.531,"BAJO"
"Chihuahua",8,"Ahumada",8001,0.679,"MEDIO"
"Chihuahua",8,"Aldama",8002,0.759,"ALTO"
"Chihuahua",8,"Allende",8003,0.76,"ALTO"
"Chihuahua",8,"Aquiles Serdán",8004,0.741,"ALTO"
"Chihuahua",8,"Ascensión",8005,0.691,"MEDIO"
"Chihuahua",8,"Bachíniva",8006,0.723,"ALTO"
"Chihuahua",8,"Balleza",8007,0.547,"BAJO"
"Chihuahua",8,"Batopilas",8008,0.456,"BAJO"
"Chihuahua",8,"Bocoyna",8009,0.634,"MEDIO"
"Chihuahua",8,"Buenaventura",8010,0.657,"MEDIO"
"Chihuahua",8,"Camargo",8011,0.725,"ALTO"
"Chihuahua",8,"Carichí",8012,0.554,"MEDIO"
"Chihuahua",8,"Casas Grandes",8013,0.737,"ALTO"
"Chihuahua",8,"Coronado",8014,0.733,"ALTO"
"Chihuahua",8,"Coyame del Sotol",8015,0.639,"MEDIO"
"Chihuahua",8,"La Cruz",8016,0.747,"ALTO"
"Chihuahua",8,"Cuauhtémoc",8017,0.756,"ALTO"
"Chihuahua",8,"Cusihuiriachi",8018,0.63,"MEDIO"
"Chihuahua",8,"Chihuahua",8019,0.842,"MUY ALTO"
"Chihuahua",8,"Chínipas",8020,0.595,"MEDIO"
"Chihuahua",8,"Delicias",8021,0.786,"ALTO"
"Chihuahua",8,"Dr. Belisario Domínguez",8022,0.652,"MEDIO"
"Chihuahua",8,"Galeana",8023,0.689,"MEDIO"
"Chihuahua",8,"Santa Isabel",8024,0.671,"MEDIO"
"Chihuahua",8,"Gómez Farías",8025,0.651,"MEDIO"
"Chihuahua",8,"Gran Morelos",8026,0.701,"ALTO"
"Chihuahua",8,"Guachochi",8027,0.596,"MEDIO"
"Chihuahua",8,"Guadalupe",8028,0.678,"MEDIO"
"Chihuahua",8,"Guadalupe y Calvo",8029,0.579,"MEDIO"
"Chihuahua",8,"Guazapares",8030,0.644,"MEDIO"
"Chihuahua",8,"Guerrero",8031,0.689,"MEDIO"
"Chihuahua",8,"Hidalgo del Parral",8032,0.783,"ALTO"
"Chihuahua",8,"Huejotitán",8033,0.667,"MEDIO"
"Chihuahua",8,"Ignacio Zaragoza",8034,0.718,"ALTO"
"Chihuahua",8,"Janos",8035,0.59,"MEDIO"
"Chihuahua",8,"Jiménez",8036,0.739,"ALTO"
"Chihuahua",8,"Juárez",8037,0.775,"ALTO"
"Chihuahua",8,"Julimes",8038,0.721,"ALTO"
"Chihuahua",8,"López",8039,0.749,"ALTO"
"Chihuahua",8,"Madera",8040,0.704,"ALTO"
"Chihuahua",8,"Maguarichi",8041,0.569,"MEDIO"
"Chihuahua",8,"Manuel Benavides",8042,0.66,"MEDIO"
"Chihuahua",8,"Matachí",8043,0.7,"MEDIO"
"Chihuahua",8,"Matamoros",8044,0.744,"ALTO"
"Chihuahua",8,"Meoqui",8045,0.742,"ALTO"
"Chihuahua",8,"Morelos",8046,0.535,"BAJO"
"Chihuahua",8,"Moris",8047,0.645,"MEDIO"
"Chihuahua",8,"Namiquipa",8048,0.713,"ALTO"
"Chihuahua",8,"Nonoava",8049,0.669,"MEDIO"
"Chihuahua",8,"Nuevo Casas Grandes",8050,0.775,"ALTO"
"Chihuahua",8,"Ocampo",8051,0.684,"MEDIO"
"Chihuahua",8,"Ojinaga",8052,0.728,"ALTO"
"Chihuahua",8,"Praxedis G. Guerrero",8053,0.708,"ALTO"
"Chihuahua",8,"Riva Palacio",8054,0.684,"MEDIO"
"Chihuahua",8,"Rosales",8055,0.74,"ALTO"
"Chihuahua",8,"Rosario",8056,0.71,"ALTO"
"Chihuahua",8,"San Francisco de Borja",8057,0.639,"MEDIO"
"Chihuahua",8,"San Francisco de Conchos",8058,0.742,"ALTO"
"Chihuahua",8,"San Francisco del Oro",8059,0.775,"ALTO"
"Chihuahua",8,"Santa Bárbara",8060,0.774,"ALTO"
"Chihuahua",8,"Satevó",8061,0.687,"MEDIO"
"Chihuahua",8,"Saucillo",8062,0.745,"ALTO"
"Chihuahua",8,"Temósachic",8063,0.657,"MEDIO"
"Chihuahua",8,"El Tule",8064,0.624,"MEDIO"
"Chihuahua",8,"Urique",8065,0.575,"MEDIO"
"Chihuahua",8,"Uruachi",8066,0.551,"MEDIO"
"Chihuahua",8,"Valle de Zaragoza",8067,0.652,"MEDIO"
"Ciudad de México",9,"Azcapotzalco",9002,0.834,"MUY ALTO"
"Ciudad de México",9,"Coyoacán",9003,0.849,"MUY ALTO"
"Ciudad de México",9,"Cuajimalpa de Morelos",9004,0.808,"MUY ALTO"
"Ciudad de México",9,"Gustavo A. Madero",9005,0.816,"MUY ALTO"
"Ciudad de México",9,"Iztacalco",9006,0.835,"MUY ALTO"
"Ciudad de México",9,"Iztapalapa",9007,0.783,"ALTO"
"Ciudad de México",9,"La Magdalena Contreras",9008,0.787,"ALTO"
"Ciudad de México",9,"Milpa Alta",9009,0.759,"ALTO"
"Ciudad de México",9,"Álvaro Obregón",9010,0.812,"MUY ALTO"
"Ciudad de México",9,"Tláhuac",9011,0.793,"ALTO"
"Ciudad de México",9,"Tlalpan",9012,0.811,"MUY ALTO"
"Ciudad de México",9,"Xochimilco",9013,0.784,"ALTO"
"Ciudad de México",9,"Benito Juárez",9014,0.908,"MUY ALTO"
"Ciudad de México",9,"Cuauhtémoc",9015,0.852,"MUY ALTO"
"Ciudad de México",9,"Miguel Hidalgo",9016,0.873,"MUY ALTO"
"Ciudad de México",9,"Venustiano Carranza",9017,0.808,"MUY ALTO"
"Durango",10,"Canatlán",10001,0.737,"ALTO"
"Durango",10,"Canelas",10002,0.598,"MEDIO"
"Durango",10,"Coneto de Comonfort",10003,0.663,"MEDIO"
"Durango",10,"Cuencamé",10004,0.736,"ALTO"
"Durango",10,"Durango",10005,0.79,"ALTO"
"Durango",10,"General Simón Bolívar",10006,0.67,"MEDIO"
"Durango",10,"Gómez Palacio",10007,0.763,"ALTO"
"Durango",10,"Guadalupe Victoria",10008,0.735,"ALTO"
"Durango",10,"Guanaceví",10009,0.669,"MEDIO"
"Durango",10,"Hidalgo",10010,0.733,"ALTO"
"Durango",10,"Indé",10011,0.691,"MEDIO"
"Durango",10,"Lerdo",10012,0.773,"ALTO"
"Durango",10,"Mapimí",10013,0.704,"ALTO"
"Durango",10,"Mezquital",10014,0.531,"BAJO"
"Durango",10,"Nazas",10015,0.674,"MEDIO"
"Durango",10,"Nombre de Dios",10016,0.717,"ALTO"
"Durango",10,"Ocampo",10017,0.724,"ALTO"
"Durango",10,"El Oro",10018,0.752,"ALTO"
"Durango",10,"Otáez",10019,0.581,"MEDIO"
"Durango",10,"Pánuco de Coronado",10020,0.722,"ALTO"
"Durango",10,"Peñón Blanco",10021,0.706,"ALTO"
"Durango",10,"Poanas",10022,0.728,"ALTO"
"Durango",10,"Pueblo Nuevo",10023,0.652,"MEDIO"
"Durango",10,"Rodeo",10024,0.718,"ALTO"
"Durango",10,"San Bernardo",10025,0.694,"MEDIO"
"Durango",10,"San Dimas",10026,0.641,"MEDIO"
"Durango",10,"San Juan de Guadalupe",10027,0.626,"MEDIO"
"Durango",10,"San Juan del Río",10028,0.706,"ALTO"
"Durango",10,"San Luis del Cordero",10029,0.681,"MEDIO"
"Durango",10,"San Pedro del Gallo",10030,0.678,"MEDIO"
"Durango",10,"Santa Clara",10031,0.711,"ALTO"
"Durango",10,"Santiago Papasquiaro",10032,0.74,"ALTO"
"Durango",10,"Súchil",10033,0.684,"MEDIO"
"Durango",10,"Tamazula",10034,0.605,"MEDIO"
"Durango",10,"Tepehuanes",10035,0.675,"MEDIO"
"Durango",10,"Tlahualilo",10036,0.732,"ALTO"
"Durango",10,"Topia",10037,0.614,"MEDIO"
"Durango",10,"Vicente Guerrero",10038,0.749,"ALTO"
"Durango",10,"Nuevo Ideal",10039,0.722,"ALTO"
"Guanajuato",11,"Abasolo",11001,0.705,"ALTO"
"Guanajuato",11,"Acámbaro",11002,0.707,"ALTO"
"Guanajuato",11,"San Miguel de Allende",11003,0.722,"ALTO"
"Guanajuato",11,"Apaseo el Alto",11004,0.711,"ALTO"
"Guanajuato",11,"Apaseo el Grande",11005,0.709,"ALTO"
"Guanajuato",11,"Atarjea",11006,0.604,"MEDIO"
"Guanajuato",11,"Celaya",11007,0.753,"ALTO"
"Guanajuato",11,"Manuel Doblado",11008,0.686,"MEDIO"
"Guanajuato",11,"Comonfort",11009,0.677,"MEDIO"
"Guanajuato",11,"Coroneo",11010,0.691,"MEDIO"
"Guanajuato",11,"Cortazar",11011,0.72,"ALTO"
"Guanajuato",11,"Cuerámaro",11012,0.691,"MEDIO"
"Guanajuato",11,"Doctor Mora",11013,0.707,"ALTO"
"Guanajuato",11,"Dolores Hidalgo Cuna de la Independencia Nacional",11014,0.683,"MEDIO"
"Guanajuato",11,"Guanajuato",11015,0.779,"ALTO"
"Guanajuato",11,"Huanímaro",11016,0.695,"MEDIO"
"Guanajuato",11,"Irapuato",11017,0.752,"ALTO"
"Guanajuato",11,"Jaral del Progreso",11018,0.695,"MEDIO"
"Guanajuato",11,"Jerécuaro",11019,0.642,"MEDIO"
"Guanajuato",11,"León",11020,0.746,"ALTO"
"Guanajuato",11,"Moroleón",11021,0.71,"ALTO"
"Guanajuato",11,"Ocampo",11022,0.671,"MEDIO"
"Guanajuato",11,"Pénjamo",11023,0.679,"MEDIO"
"Guanajuato",11,"Pueblo Nuevo",11024,0.712,"ALTO"
"Guanajuato",11,"Purísima del Rincón",11025,0.688,"MEDIO"
"Guanajuato",11,"Romita",11026,0.693,"MEDIO"
"Guanajuato",11,"Salamanca",11027,0.751,"ALTO"
"Guanajuato",11,"Salvatierra",11028,0.718,"ALTO"
"Guanajuato",11,"San Diego de la Unión",11029,0.674,"MEDIO"
"Guanajuato",11,"San Felipe",11030,0.661,"MEDIO"
"Guanajuato",11,"San Francisco del Rincón",11031,0.713,"ALTO"
"Guanajuato",11,"San José Iturbide",11032,0.724,"ALTO"
"Guanajuato",11,"San Luis de la Paz",11033,0.702,"ALTO"
"Guanajuato",11,"Santa Catarina",11034,0.652,"MEDIO"
"Guanajuato",11,"Santa Cruz de Juventino Rosas",11035,0.679,"MEDIO"
"Guanajuato",11,"Santiago Maravatío",11036,0.689,"MEDIO"
"Guanajuato",11,"Silao",11037,0.74,"ALTO"
"Guanajuato",11,"Tarandacuao",11038,0.696,"MEDIO"
"Guanajuato",11,"Tarimoro",11039,0.71,"ALTO"
"Guanajuato",11,"Tierra Blanca",11040,0.629,"MEDIO"
"Guanajuato",11,"Uriangato",11041,0.696,"MEDIO"
"Guanajuato",11,"Valle de Santiago",11042,0.699,"MEDIO"
"Guanajuato",11,"Victoria",11043,0.693,"MEDIO"
"Guanajuato",11,"Villagrán",11044,0.741,"ALTO"
"Guanajuato",11,"Xichú",11045,0.643,"MEDIO"
"Guanajuato",11,"Yuriria",11046,0.68,"MEDIO"
"Guerrero",12,"Acapulco de Juárez",12001,0.754,"ALTO"
"Guerrero",12,"Ahuacuotzingo",12002,0.554,"MEDIO"
"Guerrero",12,"Ajuchitlán del Progreso",12003,0.672,"MEDIO"
"Guerrero",12,"Alcozauca de Guerrero",12004,0.515,"BAJO"
"Guerrero",12,"Alpoyeca",12005,0.673,"MEDIO"
"Guerrero",12,"Apaxtla",12006,0.678,"MEDIO"
"Guerrero",12,"Arcelia",12007,0.708,"ALTO"
"Guerrero",12,"Atenango del Río",12008,0.635,"MEDIO"
"Guerrero",12,"Atlamajalcingo del Monte",12009,0.525,"BAJO"
"Guerrero",12,"Atlixtac",12010,0.565,"MEDIO"
"Guerrero",12,"Atoyac de Álvarez",12011,0.705,"ALTO"
"Guerrero",12,"Ayutla de los Libres",12012,0.663,"MEDIO"
"Guerrero",12,"Azoyú",12013,0.708,"ALTO"
"Guerrero",12,"Benito Juárez",12014,0.732,"ALTO"
"Guerrero",12,"Buenavista de Cuéllar",12015,0.718,"ALTO"
"Guerrero",12,"Coahuayutla de José María Izazaga",12016,0.606,"MEDIO"
"Guerrero",12,"Cocula",12017,0.692,"MEDIO"
"Guerrero",12,"Copala",12018,0.687,"MEDIO"
"Guerrero",12,"Copalillo",12019,0.575,"MEDIO"
"Guerrero",12,"Copanatoyac",12020,0.543,"BAJO"
"Guerrero",12,"Coyuca de Benítez",12021,0.7,"MEDIO"
"Guerrero",12,"Coyuca de Catalán",12022,0.672,"MEDIO"
"Guerrero",12,"Cuajinicuilapa",12023,0.683,"MEDIO"
"Guerrero",12,"Cualác",12024,0.637,"MEDIO"
"Guerrero",12,"Cuautepec",12025,0.654,"MEDIO"
"Guerrero",12,"Cuetzala del Progreso",12026,0.63,"MEDIO"
"Guerrero",12,"Cutzamala de Pinzón",12027,0.634,"MEDIO"
"Guerrero",12,"Chilapa de Álvarez",12028,0.663,"MEDIO"
"Guerrero",12,"Chilpancingo de los Bravo",12029,0.779,"ALTO"
"Guerrero",12,"Florencio Villarreal",12030,0.706,"ALTO"
"Guerrero",12,"General Canuto A. Neri",12031,0.615,"MEDIO"
"Guerrero",12,"General Heliodoro Castillo",12032,0.559,"MEDIO"
"Guerrero",12,"Huamuxtitlán",12033,0.675,"MEDIO"
"Guerrero",12,"Huitzuco de los Figueroa",12034,0.681,"MEDIO"
"Guerrero",12,"Iguala de la Independencia",12035,0.741,"ALTO"
"Guerrero",12,"Igualapa",12036,0.663,"MEDIO"
"Guerrero",12,"Ixcateopan de Cuauhtémoc",12037,0.672,"MEDIO"
"Guerrero",12,"Zihuatanejo de Azueta",12038,0.754,"ALTO"
"Guerrero",12,"Juan R. Escudero",12039,0.675,"MEDIO"
"Guerrero",12,"Leonardo Bravo",12040,0.646,"MEDIO"
"Guerrero",12,"Malinaltepec",12041,0.647,"MEDIO"
"Guerrero",12,"Mártir de Cuilapan",12042,0.612,"MEDIO"
"Guerrero",12,"Metlatónoc",12043,0.497,"BAJO"
"Guerrero",12,"Mochitlán",12044,0.693,"MEDIO"
"Guerrero",12,"Olinalá",12045,0.617,"MEDIO"
"Guerrero",12,"Ometepec",12046,0.668,"MEDIO"
"Guerrero",12,"Pedro Ascencio Alquisiras",12047,0.602,"MEDIO"
"Guerrero",12,"Petatlán",12048,0.688,"MEDIO"
"Guerrero",12,"Pilcaya",12049,0.687,"MEDIO"
"Guerrero",12,"Pungarabato",12050,0.703,"ALTO"
"Guerrero",12,"Quechultenango",12051,0.607,"MEDIO"
"Guerrero",12,"San Luis Acatlán",12052,0.651,"MEDIO"
"Guerrero",12,"San Marcos",12053,0.682,"MEDIO"
"Guerrero",12,"San Miguel Totolapan",12054,0.631,"MEDIO"
"Guerrero",12,"Taxco de Alarcón",12055,0.671,"MEDIO"
"Guerrero",12,"Tecoanapa",12056,0.67,"MEDIO"
"Guerrero",12,"Técpan de Galeana",12057,0.674,"MEDIO"
"Guerrero",12,"Teloloapan",12058,0.697,"MEDIO"
"Guerrero",12,"Tepecoacuilco de Trujano",12059,0.64,"MEDIO"
"Guerrero",12,"Tetipac",12060,0.644,"MEDIO"
"Guerrero",12,"Tixtla de Guerrero",12061,0.754,"ALTO"
"Guerrero",12,"Tlacoachistlahuaca",12062,0.607,"MEDIO"
"Guerrero",12,"Tlacoapa",12063,0.55,"BAJO"
"Guerrero",12,"Tlalchapa",12064,0.699,"MEDIO"
"Guerrero",12,"Tlalixtaquilla de Maldonado",12065,0.611,"MEDIO"
"Guerrero",12,"Tlapa de Comonfort",12066,0.679,"MEDIO"
"Guerrero",12,"Tlapehuala",12067,0.703,"ALTO"
"Guerrero",12,"La Unión de Isidoro Montes de Oca",12068,0.673,"MEDIO"
"Guerrero",12,"Xalpatláhuac",12069,0.58,"MEDIO"
"Guerrero",12,"Xochihuehuetlán",12070,0.65,"MEDIO"
"Guerrero",12,"Xochistlahuaca",12071,0.598,"MEDIO"
"Guerrero",12,"Zapotitlán Tablas",12072,0.566,"MEDIO"
"Guerrero",12,"Zirándaro",12073,0.619,"MEDIO"
"Guerrero",12,"Zitlala",12074,0.617,"MEDIO"
"Guerrero",12,"Eduardo Neri",12075,0.697,"MEDIO"
"Guerrero",12,"Acatepec",12076,0.6,"MEDIO"
"Guerrero",12,"Marquelia",12077,0.707,"ALTO"
"Guerrero",12,"Cochoapa el Grande",12078,0.445,"BAJO"
"Guerrero",12,"José JoaquÍn de Herrera",12079,0.568,"MEDIO"
"Guerrero",12,"Juchitán",12080,0.67,"MEDIO"
"Guerrero",12,"Iliatenco",12081,0.672,"MEDIO"
"Hidalgo",13,"Acatlán",13001,0.682,"MEDIO"
"Hidalgo",13,"Acaxochitlán",13002,0.628,"MEDIO"
"Hidalgo",13,"Actopan",13003,0.772,"ALTO"
"Hidalgo",13,"Agua Blanca de Iturbide",13004,0.687,"MEDIO"
"Hidalgo",13,"Ajacuba",13005,0.737,"ALTO"
"Hidalgo",13,"Alfajayucan",13006,0.73,"ALTO"
"Hidalgo",13,"Almoloya",13007,0.731,"ALTO"
"Hidalgo",13,"Apan",13008,0.767,"ALTO"
"Hidalgo",13,"El Arenal",13009,0.74,"ALTO"
"Hidalgo",13,"Atitalaquia",13010,0.8,"ALTO"
"Hidalgo",13,"Atlapexco",13011,0.705,"ALTO"
"Hidalgo",13,"Atotonilco de Tula",13012,0.716,"ALTO"
"Hidalgo",13,"Atotonilco el Grande",13013,0.766,"ALTO"
"Hidalgo",13,"Calnali",13014,0.701,"ALTO"
"Hidalgo",13,"Cardonal",13015,0.729,"ALTO"
"Hidalgo",13,"Cuautepec de Hinojosa",13016,0.704,"ALTO"
"Hidalgo",13,"Chapantongo",13017,0.716,"ALTO"
"Hidalgo",13,"Chapulhuacán",13018,0.688,"MEDIO"
"Hidalgo",13,"Chilcuautla",13019,0.741,"ALTO"
"Hidalgo",13,"Eloxochitlán",13020,0.7,"MEDIO"
"Hidalgo",13,"Emiliano Zapata",13021,0.762,"ALTO"
"Hidalgo",13,"Epazoyucan",13022,0.743,"ALTO"
"Hidalgo",13,"Francisco I. Madero",13023,0.779,"ALTO"
"Hidalgo",13,"Huasca de Ocampo",13024,0.702,"ALTO"
"Hidalgo",13,"Huautla",13025,0.713,"ALTO"
"Hidalgo",13,"Huazalingo",13026,0.657,"MEDIO"
"Hidalgo",13,"Huehuetla",13027,0.663,"MEDIO"
"Hidalgo",13,"Huejutla de Reyes",13028,0.724,"ALTO"
"Hidalgo",13,"Huichapan",13029,0.737,"ALTO"
"Hidalgo",13,"Ixmiquilpan",13030,0.758,"ALTO"
"Hidalgo",13,"Jacala de Ledezma",13031,0.721,"ALTO"
"Hidalgo",13,"Jaltocán",13032,0.701,"ALTO"
"Hidalgo",13,"Juárez Hidalgo",13033,0.697,"MEDIO"
"Hidalgo",13,"Lolotla",13034,0.68,"MEDIO"
"Hidalgo",13,"Metepec",13035,0.719,"ALTO"
"Hidalgo",13,"San Agustín Metzquititlán",13036,0.717,"ALTO"
"Hidalgo",13,"Metztitlán",13037,0.709,"ALTO"
"Hidalgo",13,"Mineral del Chico",13038,0.736,"ALTO"
"Hidalgo",13,"Mineral del Monte",13039,0.758,"ALTO"
"Hidalgo",13,"La Misión",13040,0.659,"MEDIO"
"Hidalgo",13,"Mixquiahuala de Juárez",13041,0.765,"ALTO"
"Hidalgo",13,"Molango de Escamilla",13042,0.736,"ALTO"
"Hidalgo",13,"Nicolás Flores",13043,0.696,"MEDIO"
"Hidalgo",13,"Nopala de Villagrán",13044,0.718,"ALTO"
"Hidalgo",13,"Omitlán de Juárez",13045,0.731,"ALTO"
"Hidalgo",13,"San Felipe Orizatlán",13046,0.688,"MEDIO"
"Hidalgo",13,"Pacula",13047,0.677,"MEDIO"
"Hidalgo",13,"Pachuca de Soto",13048,0.817,"MUY ALTO"
"Hidalgo",13,"Pisaflores",13049,0.671,"MEDIO"
"Hidalgo",13,"Progreso de Obregón",13050,0.783,"ALTO"
"Hidalgo",13,"Mineral de la Reforma",13051,0.836,"MUY ALTO"
"Hidalgo",13,"San Agustín Tlaxiaca",13052,0.756,"ALTO"
"Hidalgo",13,"San Bartolo Tutotepec",13053,0.676,"MEDIO"
"Hidalgo",13,"San Salvador",13054,0.764,"ALTO"
"Hidalgo",13,"Santiago de Anaya",13055,0.741,"ALTO"
"Hidalgo",13,"Santiago Tulantepec de Lugo Guerrero",13056,0.751,"ALTO"
"Hidalgo",13,"Singuilucan",13057,0.71,"ALTO"
"Hidalgo",13,"Tasquillo",13058,0.736,"ALTO"
"Hidalgo",13,"Tecozautla",13059,0.717,"ALTO"
"Hidalgo",13,"Tenango de Doria",13060,0.697,"MEDIO"
"Hidalgo",13,"Tepeapulco",13061,0.787,"ALTO"
"Hidalgo",13,"Tepehuacán de Guerrero",13062,0.631,"MEDIO"
"Hidalgo",13,"Tepeji del Río de Ocampo",13063,0.756,"ALTO"
"Hidalgo",13,"Tepetitlán",13064,0.723,"ALTO"
"Hidalgo",13,"Tetepango",13065,0.738,"ALTO"
"Hidalgo",13,"Villa de Tezontepec",13066,0.741,"ALTO"
"Hidalgo",13,"Tezontepec de Aldama",13067,0.743,"ALTO"
"Hidalgo",13,"Tianguistengo",13068,0.645,"MEDIO"
"Hidalgo",13,"Tizayuca",13069,0.78,"ALTO"
"Hidalgo",13,"Tlahuelilpan",13070,0.76,"ALTO"
"Hidalgo",13,"Tlahuiltepa",13071,0.648,"MEDIO"
"Hidalgo",13,"Tlanalapa",13072,0.78,"ALTO"
"Hidalgo",13,"Tlanchinol",13073,0.665,"MEDIO"
"Hidalgo",13,"Tlaxcoapan",13074,0.755,"ALTO"
"Hidalgo",13,"Tolcayuca",13075,0.745,"ALTO"
"Hidalgo",13,"Tula de Allende",13076,0.779,"ALTO"
"Hidalgo",13,"Tulancingo de Bravo",13077,0.771,"ALTO"
"Hidalgo",13,"Xochiatipan",13078,0.628,"MEDIO"
"Hidalgo",13,"Xochicoatlán",13079,0.726,"ALTO"
"Hidalgo",13,"Yahualica",13080,0.665,"MEDIO"
"Hidalgo",13,"Zacualtipán de Ángeles",13081,0.742,"ALTO"
"Hidalgo",13,"Zapotlán de Juárez",13082,0.752,"ALTO"
"Hidalgo",13,"Zempoala",13083,0.791,"ALTO"
"Hidalgo",13,"Zimapán",13084,0.753,"ALTO"
"Jalisco",14,"Acatic",14001,0.712,"ALTO"
"Jalisco",14,"Acatlán de Juárez",14002,0.76,"ALTO"
"Jalisco",14,"Ahualulco de Mercado",14003,0.771,"ALTO"
"Jalisco",14,"Amacueca",14004,0.703,"ALTO"
"Jalisco",14,"Amatitán",14005,0.733,"ALTO"
"Jalisco",14,"Ameca",14006,0.734,"ALTO"
"Jalisco",14,"San Juanito de Escobedo",14007,0.752,"ALTO"
"Jalisco",14,"Arandas",14008,0.728,"ALTO"
"Jalisco",14,"El Arenal",14009,0.756,"ALTO"
"Jalisco",14,"Atemajac de Brizuela",14010,0.68,"MEDIO"
"Jalisco",14,"Atengo",14011,0.711,"ALTO"
"Jalisco",14,"Atenguillo",14012,0.751,"ALTO"
"Jalisco",14,"Atotonilco el Alto",14013,0.718,"ALTO"
"Jalisco",14,"Atoyac",14014,0.715,"ALTO"
"Jalisco",14,"Autlán de Navarro",14015,0.763,"ALTO"
"Jalisco",14,"Ayotlán",14016,0.695,"MEDIO"
"Jalisco",14,"Ayutla",14017,0.73,"ALTO"
"Jalisco",14,"La Barca",14018,0.737,"ALTO"
"Jalisco",14,"Bolaños",14019,0.654,"MEDIO"
"Jalisco",14,"Cabo Corrientes",14020,0.693,"MEDIO"
"Jalisco",14,"Casimiro Castillo",14021,0.716,"ALTO"
"Jalisco",14,"Cihuatlán",14022,0.735,"ALTO"
"Jalisco",14,"Zapotlán el Grande",14023,0.809,"MUY ALTO"
"Jalisco",14,"Cocula",14024,0.717,"ALTO"
"Jalisco",14,"Colotlán",14025,0.765,"ALTO"
"Jalisco",14,"Concepción de Buenos Aires",14026,0.703,"ALTO"
"Jalisco",14,"Cuautitlán de García Barragán",14027,0.679,"MEDIO"
"Jalisco",14,"Cuautla",14028,0.706,"ALTO"
"Jalisco",14,"Cuquío",14029,0.694,"MEDIO"
"Jalisco",14,"Chapala",14030,0.757,"ALTO"
"Jalisco",14,"Chimaltitán",14031,0.659,"MEDIO"
"Jalisco",14,"Chiquilistlán",14032,0.69,"MEDIO"
"Jalisco",14,"Degollado",14033,0.682,"MEDIO"
"Jalisco",14,"Ejutla",14034,0.733,"ALTO"
"Jalisco",14,"Encarnación de Díaz",14035,0.705,"ALTO"
"Jalisco",14,"Etzatlán",14036,0.767,"ALTO"
"Jalisco",14,"El Grullo",14037,0.734,"ALTO"
"Jalisco",14,"Guachinango",14038,0.713,"ALTO"
"Jalisco",14,"Guadalajara",14039,0.815,"MUY ALTO"
"Jalisco",14,"Hostotipaquillo",14040,0.678,"MEDIO"
"Jalisco",14,"Huejúcar",14041,0.727,"ALTO"
"Jalisco",14,"Huejuquilla el Alto",14042,0.712,"ALTO"
"Jalisco",14,"La Huerta",14043,0.709,"ALTO"
"Jalisco",14,"Ixtlahuacán de los Membrillos",14044,0.721,"ALTO"
"Jalisco",14,"Ixtlahuacán del Río",14045,0.708,"ALTO"
"Jalisco",14,"Jalostotitlán",14046,0.718,"ALTO"
"Jalisco",14,"Jamay",14047,0.726,"ALTO"
"Jalisco",14,"Jesús María",14048,0.66,"MEDIO"
"Jalisco",14,"Jilotlán de los Dolores",14049,0.652,"MEDIO"
"Jalisco",14,"Jocotepec",14050,0.726,"ALTO"
"Jalisco",14,"Juanacatlán",14051,0.75,"ALTO"
"Jalisco",14,"Juchitlán",14052,0.709,"ALTO"
"Jalisco",14,"Lagos de Moreno",14053,0.731,"ALTO"
"Jalisco",14,"El Limón",14054,0.768,"ALTO"
"Jalisco",14,"Magdalena",14055,0.748,"ALTO"
"Jalisco",14,"Santa María del Oro",14056,0.65,"MEDIO"
"Jalisco",14,"La Manzanilla de la Paz",14057,0.727,"ALTO"
"Jalisco",14,"Mascota",14058,0.687,"MEDIO"
"Jalisco",14,"Mazamitla",14059,0.726,"ALTO"
"Jalisco",14,"Mexticacán",14060,0.687,"MEDIO"
"Jalisco",14,"Mezquitic",14061,0.576,"MEDIO"
"Jalisco",14,"Mixtlán",14062,0.725,"ALTO"
"Jalisco",14,"Ocotlán",14063,0.755,"ALTO"
"Jalisco",14,"Ojuelos de Jalisco",14064,0.691,"MEDIO"
"Jalisco",14,"Pihuamo",14065,0.695,"MEDIO"
"Jalisco",14,"Poncitlán",14066,0.707,"ALTO"
"Jalisco",14,"Puerto Vallarta",14067,0.767,"ALTO"
"Jalisco",14,"Villa Purificación",14068,0.694,"MEDIO"
"Jalisco",14,"Quitupan",14069,0.652,"MEDIO"
"Jalisco",14,"El Salto",14070,0.737,"ALTO"
"Jalisco",14,"San Cristóbal de la Barranca",14071,0.679,"MEDIO"
"Jalisco",14,"San Diego de Alejandría",14072,0.699,"MEDIO"
"Jalisco",14,"San Juan de los Lagos",14073,0.737,"ALTO"
"Jalisco",14,"San Julián",14074,0.719,"ALTO"
"Jalisco",14,"San Marcos",14075,0.754,"ALTO"
"Jalisco",14,"San Martín de Bolaños",14076,0.711,"ALTO"
"Jalisco",14,"San Martín Hidalgo",14077,0.755,"ALTO"
"Jalisco",14,"San Miguel el Alto",14078,0.712,"ALTO"
"Jalisco",14,"Gómez Farías",14079,0.72,"ALTO"
"Jalisco",14,"San Sebastián del Oeste",14080,0.7,"MEDIO"
"Jalisco",14,"Santa María de los Ángeles",14081,0.688,"MEDIO"
"Jalisco",14,"Sayula",14082,0.75,"ALTO"
"Jalisco",14,"Tala",14083,0.74,"ALTO"
"Jalisco",14,"Talpa de Allende",14084,0.722,"ALTO"
"Jalisco",14,"Tamazula de Gordiano",14085,0.739,"ALTO"
"Jalisco",14,"Tapalpa",14086,0.681,"MEDIO"
"Jalisco",14,"Tecalitlán",14087,0.713,"ALTO"
"Jalisco",14,"Tecolotlán",14088,0.737,"ALTO"
"Jalisco",14,"Techaluta de Montenegro",14089,0.735,"ALTO"
"Jalisco",14,"Tenamaxtlán",14090,0.745,"ALTO"
"Jalisco",14,"Teocaltiche",14091,0.712,"ALTO"
"Jalisco",14,"Teocuitatlán de Corona",14092,0.708,"ALTO"
"Jalisco",14,"Tepatitlán de Morelos",14093,0.762,"ALTO"
"Jalisco",14,"Tequila",14094,0.751,"ALTO"
"Jalisco",14,"Teuchitlán",14095,0.771,"ALTO"
"Jalisco",14,"Tizapán el Alto",14096,0.688,"MEDIO"
"Jalisco",14,"Tlajomulco de Zúñiga",14097,0.769,"ALTO"
"Jalisco",14,"Tlaquepaque",14098,0.792,"ALTO"
"Jalisco",14,"Tolimán",14099,0.703,"ALTO"
"Jalisco",14,"Tomatlán",14100,0.706,"ALTO"
"Jalisco",14,"Tonalá",14101,0.765,"ALTO"
"Jalisco",14,"Tonaya",14102,0.734,"ALTO"
"Jalisco",14,"Tonila",14103,0.757,"ALTO"
"Jalisco",14,"Totatiche",14104,0.738,"ALTO"
"Jalisco",14,"Tototlán",14105,0.703,"ALTO"
"Jalisco",14,"Tuxcacuesco",14106,0.706,"ALTO"
"Jalisco",14,"Tuxcueca",14107,0.71,"ALTO"
"Jalisco",14,"Tuxpan",14108,0.757,"ALTO"
"Jalisco",14,"Unión de San Antonio",14109,0.703,"ALTO"
"Jalisco",14,"Unión de Tula",14110,0.757,"ALTO"
"Jalisco",14,"Valle de Guadalupe",14111,0.728,"ALTO"
"Jalisco",14,"Valle de Juárez",14112,0.692,"MEDIO"
"Jalisco",14,"San Gabriel",14113,0.638,"MEDIO"
"Jalisco",14,"Villa Corona",14114,0.724,"ALTO"
"Jalisco",14,"Villa Guerrero",14115,0.714,"ALTO"
"Jalisco",14,"Villa Hidalgo",14116,0.722,"ALTO"
"Jalisco",14,"Cañadas de Obregón",14117,0.7,"MEDIO"
"Jalisco",14,"Yahualica de González Gallo",14118,0.705,"ALTO"
"Jalisco",14,"Zacoalco de Torres",14119,0.724,"ALTO"
"Jalisco",14,"Zapopan",14120,0.823,"MUY ALTO"
"Jalisco",14,"Zapotiltic",14121,0.76,"ALTO"
"Jalisco",14,"Zapotitlán de Vadillo",14122,0.727,"ALTO"
"Jalisco",14,"Zapotlán del Rey",14123,0.685,"MEDIO"
"Jalisco",14,"Zapotlanejo",14124,0.723,"ALTO"
"Jalisco",14,"San Ignacio Cerro Gordo",14125,0.685,"MEDIO"
"México",15,"Acambay",15001,0.689,"MEDIO"
"México",15,"Acolman",15002,0.743,"ALTO"
"México",15,"Aculco",15003,0.671,"MEDIO"
"México",15,"Almoloya de Alquisiras",15004,0.674,"MEDIO"
"México",15,"Almoloya de Juárez",15005,0.696,"MEDIO"
"México",15,"Almoloya del Río",15006,0.744,"ALTO"
"México",15,"Amanalco",15007,0.665,"MEDIO"
"México",15,"Amatepec",15008,0.7,"MEDIO"
"México",15,"Amecameca",15009,0.737,"ALTO"
"México",15,"Apaxco",15010,0.759,"ALTO"
"México",15,"Atenco",15011,0.731,"ALTO"
"México",15,"Atizapán",15012,0.712,"ALTO"
"México",15,"Atizapán de Zaragoza",15013,0.787,"ALTO"
"México",15,"Atlacomulco",15014,0.708,"ALTO"
"México",15,"Atlautla",15015,0.719,"ALTO"
"México",15,"Axapusco",15016,0.732,"ALTO"
"México",15,"Ayapango",15017,0.746,"ALTO"
"México",15,"Calimaya",15018,0.752,"ALTO"
"México",15,"Capulhuac",15019,0.746,"ALTO"
"México",15,"Coacalco de Berriozábal",15020,0.799,"ALTO"
"México",15,"Coatepec Harinas",15021,0.686,"MEDIO"
"México",15,"Cocotitlán",15022,0.75,"ALTO"
"México",15,"Coyotepec",15023,0.738,"ALTO"
"México",15,"Cuautitlán",15024,0.776,"ALTO"
"México",15,"Chalco",15025,0.741,"ALTO"
"México",15,"Chapa de Mota",15026,0.697,"MEDIO"
"México",15,"Chapultepec",15027,0.768,"ALTO"
"México",15,"Chiautla",15028,0.766,"ALTO"
"México",15,"Chicoloapan",15029,0.752,"ALTO"
"México",15,"Chiconcuac",15030,0.759,"ALTO"
"México",15,"Chimalhuacán",15031,0.715,"ALTO"
"México",15,"Donato Guerra",15032,0.651,"MEDIO"
"México",15,"Ecatepec de Morelos",15033,0.78,"ALTO"
"México",15,"Ecatzingo",15034,0.727,"ALTO"
"México",15,"Huehuetoca",15035,0.736,"ALTO"
"México",15,"Hueypoxtla",15036,0.722,"ALTO"
"México",15,"Huixquilucan",15037,0.778,"ALTO"
"México",15,"Isidro Fabela",15038,0.75,"ALTO"
"México",15,"Ixtapaluca",15039,0.738,"ALTO"
"México",15,"Ixtapan de la Sal",15040,0.745,"ALTO"
"México",15,"Ixtapan del Oro",15041,0.619,"MEDIO"
"México",15,"Ixtlahuaca",15042,0.7,"MEDIO"
"México",15,"Xalatlaco",15043,0.698,"MEDIO"
"México",15,"Jaltenco",15044,0.746,"ALTO"
"México",15,"Jilotepec",15045,0.755,"ALTO"
"México",15,"Jilotzingo",15046,0.736,"ALTO"
"México",15,"Jiquipilco",15047,0.693,"MEDIO"
"México",15,"Jocotitlán",15048,0.754,"ALTO"
"México",15,"Joquicingo",15049,0.718,"ALTO"
"México",15,"Juchitepec",15050,0.72,"ALTO"
"México",15,"Lerma",15051,0.803,"MUY ALTO"
"México",15,"Malinalco",15052,0.679,"MEDIO"
"México",15,"Melchor Ocampo",15053,0.745,"ALTO"
"México",15,"Metepec",15054,0.821,"MUY ALTO"
"México",15,"Mexicaltzingo",15055,0.767,"ALTO"
"México",15,"Morelos",15056,0.684,"MEDIO"
"México",15,"Naucalpan de Juárez",15057,0.777,"ALTO"
"México",15,"Nezahualcóyotl",15058,0.78,"ALTO"
"México",15,"Nextlalpan",15059,0.735,"ALTO"
"México",15,"Nicolás Romero",15060,0.762,"ALTO"
"México",15,"Nopaltepec",15061,0.735,"ALTO"
"México",15,"Ocoyoacac",15062,0.776,"ALTO"
"México",15,"Ocuilan",15063,0.698,"MEDIO"
"México",15,"El Oro",15064,0.708,"ALTO"
"México",15,"Otumba",15065,0.731,"ALTO"
"México",15,"Otzoloapan",15066,0.682,"MEDIO"
"México",15,"Otzolotepec",15067,0.717,"ALTO"
"México",15,"Ozumba",15068,0.722,"ALTO"
"México",15,"Papalotla",15069,0.788,"ALTO"
"México",15,"La Paz",15070,0.728,"ALTO"
"México",15,"Polotitlán",15071,0.719,"ALTO"
"México",15,"Rayón",15072,0.765,"ALTO"
"México",15,"San Antonio la Isla",15073,0.771,"ALTO"
"México",15,"San Felipe del Progreso",15074,0.656,"MEDIO"
"México",15,"San Martín de las Pirámides",15075,0.753,"ALTO"
"México",15,"San Mateo Atenco",15076,0.753,"ALTO"
"México",15,"San Simón de Guerrero",15077,0.709,"ALTO"
"México",15,"Santo Tomás",15078,0.697,"MEDIO"
"México",15,"Soyaniquilpan de Juárez",15079,0.743,"ALTO"
"México",15,"Sultepec",15080,0.658,"MEDIO"
"México",15,"Tecámac",15081,0.784,"ALTO"
"México",15,"Tejupilco",15082,0.704,"ALTO"
"México",15,"Temamatla",15083,0.729,"ALTO"
"México",15,"Temascalapa",15084,0.736,"ALTO"
"México",15,"Temascalcingo",15085,0.688,"MEDIO"
"México",15,"Temascaltepec",15086,0.685,"MEDIO"
"México",15,"Temoaya",15087,0.679,"MEDIO"
"México",15,"Tenancingo",15088,0.709,"ALTO"
"México",15,"Tenango del Aire",15089,0.731,"ALTO"
"México",15,"Tenango del Valle",15090,0.709,"ALTO"
"México",15,"Teoloyucan",15091,0.756,"ALTO"
"México",15,"Teotihuacán",15092,0.765,"ALTO"
"México",15,"Tepetlaoxtoc",15093,0.749,"ALTO"
"México",15,"Tepetlixpa",15094,0.716,"ALTO"
"México",15,"Tepotzotlán",15095,0.741,"ALTO"
"México",15,"Tequixquiac",15096,0.749,"ALTO"
"México",15,"Texcaltitlán",15097,0.682,"MEDIO"
"México",15,"Texcalyacac",15098,0.745,"ALTO"
"México",15,"Texcoco",15099,0.753,"ALTO"
"México",15,"Tezoyuca",15100,0.752,"ALTO"
"México",15,"Tianguistenco",15101,0.714,"ALTO"
"México",15,"Timilpan",15102,0.741,"ALTO"
"México",15,"Tlalmanalco",15103,0.76,"ALTO"
"México",15,"Tlalnepantla de Baz",15104,0.796,"ALTO"
"México",15,"Tlatlaya",15105,0.689,"MEDIO"
"México",15,"Toluca",15106,0.769,"ALTO"
"México",15,"Tonatico",15107,0.748,"ALTO"
"México",15,"Tultepec",15108,0.778,"ALTO"
"México",15,"Tultitlán",15109,0.761,"ALTO"
"México",15,"Valle de Bravo",15110,0.718,"ALTO"
"México",15,"Villa de Allende",15111,0.638,"MEDIO"
"México",15,"Villa del Carbón",15112,0.653,"MEDIO"
"México",15,"Villa Guerrero",15113,0.626,"MEDIO"
"México",15,"Villa Victoria",15114,0.614,"MEDIO"
"México",15,"Xonacatlán",15115,0.718,"ALTO"
"México",15,"Zacazonapan",15116,0.701,"ALTO"
"México",15,"Zacualpan",15117,0.671,"MEDIO"
"México",15,"Zinacantepec",15118,0.741,"ALTO"
"México",15,"Zumpahuacán",15119,0.615,"MEDIO"
"México",15,"Zumpango",15120,0.753,"ALTO"
"México",15,"Cuautitlán Izcalli",15121,0.822,"MUY ALTO"
"México",15,"Valle de Chalco Solidaridad",15122,0.733,"ALTO"
"México",15,"Luvianos",15123,0.655,"MEDIO"
"México",15,"San José del Rincón",15124,0.609,"MEDIO"
"México",15,"Tonanitla",15125,0.764,"ALTO"
"Michoacán",16,"Acuitzio",16001,0.677,"MEDIO"
"Michoacán",16,"Aguililla",16002,0.621,"MEDIO"
"Michoacán",16,"Álvaro Obregón",16003,0.652,"MEDIO"
"Michoacán",16,"Angamacutiro",16004,0.619,"MEDIO"
"Michoacán",16,"Angangueo",16005,0.694,"MEDIO"
"Michoacán",16,"Apatzingán",16006,0.693,"MEDIO"
"Michoacán",16,"Aporo",16007,0.653,"MEDIO"
"Michoacán",16,"Aquila",16008,0.644,"MEDIO"
"Michoacán",16,"Ario",16009,0.713,"ALTO"
"Michoacán",16,"Arteaga",16010,0.68,"MEDIO"
"Michoacán",16,"Briseñas",16011,0.697,"MEDIO"
"Michoacán",16,"Buenavista",16012,0.66,"MEDIO"
"Michoacán",16,"Carácuaro",16013,0.667,"MEDIO"
"Michoacán",16,"Coahuayana",16014,0.626,"MEDIO"
"Michoacán",16,"Coalcomán de Vázquez Pallares",16015,0.667,"MEDIO"
"Michoacán",16,"Coeneo",16016,0.652,"MEDIO"
"Michoacán",16,"Contepec",16017,0.652,"MEDIO"
"Michoacán",16,"Copándaro",16018,0.635,"MEDIO"
"Michoacán",16,"Cotija",16019,0.647,"MEDIO"
"Michoacán",16,"Cuitzeo",16020,0.666,"MEDIO"
"Michoacán",16,"Charapan",16021,0.66,"MEDIO"
"Michoacán",16,"Charo",16022,0.676,"MEDIO"
"Michoacán",16,"Chavinda",16023,0.673,"MEDIO"
"Michoacán",16,"Cherán",16024,0.685,"MEDIO"
"Michoacán",16,"Chilchota",16025,0.691,"MEDIO"
"Michoacán",16,"Chinicuila",16026,0.626,"MEDIO"
"Michoacán",16,"Chucándiro",16027,0.674,"MEDIO"
"Michoacán",16,"Churintzio",16028,0.704,"ALTO"
"Michoacán",16,"Churumuco",16029,0.671,"MEDIO"
"Michoacán",16,"Ecuandureo",16030,0.652,"MEDIO"
"Michoacán",16,"Epitacio Huerta",16031,0.622,"MEDIO"
"Michoacán",16,"Erongarícuaro",16032,0.688,"MEDIO"
"Michoacán",16,"Gabriel Zamora",16033,0.704,"ALTO"
"Michoacán",16,"Hidalgo",16034,0.669,"MEDIO"
"Michoacán",16,"La Huacana",16035,0.683,"MEDIO"
"Michoacán",16,"Huandacareo",16036,0.695,"MEDIO"
"Michoacán",16,"Huaniqueo",16037,0.606,"MEDIO"
"Michoacán",16,"Huetamo",16038,0.724,"ALTO"
"Michoacán",16,"Huiramba",16039,0.706,"ALTO"
"Michoacán",16,"Indaparapeo",16040,0.678,"MEDIO"
"Michoacán",16,"Irimbo",16041,0.637,"MEDIO"
"Michoacán",16,"Ixtlán",16042,0.662,"MEDIO"
"Michoacán",16,"Jacona",16043,0.667,"MEDIO"
"Michoacán",16,"Jiménez",16044,0.684,"MEDIO"
"Michoacán",16,"Jiquilpan",16045,0.733,"ALTO"
"Michoacán",16,"Juárez",16046,0.662,"MEDIO"
"Michoacán",16,"Jungapeo",16047,0.661,"MEDIO"
"Michoacán",16,"Lagunillas",16048,0.696,"MEDIO"
"Michoacán",16,"Madero",16049,0.621,"MEDIO"
"Michoacán",16,"Maravatío",16050,0.679,"MEDIO"
"Michoacán",16,"Marcos Castellanos",16051,0.713,"ALTO"
"Michoacán",16,"Lázaro Cárdenas",16052,0.768,"ALTO"
"Michoacán",16,"Morelia",16053,0.811,"MUY ALTO"
"Michoacán",16,"Morelos",16054,0.669,"MEDIO"
"Michoacán",16,"Múgica",16055,0.699,"MEDIO"
"Michoacán",16,"Nahuatzen",16056,0.678,"MEDIO"
"Michoacán",16,"Nocupétaro",16057,0.68,"MEDIO"
"Michoacán",16,"Nuevo Parangaricutiro",16058,0.702,"ALTO"
"Michoacán",16,"Nuevo Urecho",16059,0.683,"MEDIO"
"Michoacán",16,"Numarán",16060,0.659,"MEDIO"
"Michoacán",16,"Ocampo",16061,0.642,"MEDIO"
"Michoacán",16,"Pajacuarán",16062,0.621,"MEDIO"
"Michoacán",16,"Panindícuaro",16063,0.645,"MEDIO"
"Michoacán",16,"Parácuaro",16064,0.672,"MEDIO"
"Michoacán",16,"Paracho",16065,0.729,"ALTO"
"Michoacán",16,"Pátzcuaro",16066,0.709,"ALTO"
"Michoacán",16,"Penjamillo",16067,0.637,"MEDIO"
"Michoacán",16,"Peribán",16068,0.701,"ALTO"
"Michoacán",16,"La Piedad",16069,0.713,"ALTO"
"Michoacán",16,"Purépero",16070,0.685,"MEDIO"
"Michoacán",16,"Puruándiro",16071,0.675,"MEDIO"
"Michoacán",16,"Queréndaro",16072,0.689,"MEDIO"
"Michoacán",16,"Quiroga",16073,0.694,"MEDIO"
"Michoacán",16,"Cojumatlán de Régules",16074,0.666,"MEDIO"
"Michoacán",16,"Los Reyes",16075,0.689,"MEDIO"
"Michoacán",16,"Sahuayo",16076,0.691,"MEDIO"
"Michoacán",16,"San Lucas",16077,0.646,"MEDIO"
"Michoacán",16,"Santa Ana Maya",16078,0.711,"ALTO"
"Michoacán",16,"Salvador Escalante",16079,0.631,"MEDIO"
"Michoacán",16,"Senguio",16080,0.658,"MEDIO"
"Michoacán",16,"Susupuato",16081,0.626,"MEDIO"
"Michoacán",16,"Tacámbaro",16082,0.705,"ALTO"
"Michoacán",16,"Tancítaro",16083,0.685,"MEDIO"
"Michoacán",16,"Tangamandapio",16084,0.684,"MEDIO"
"Michoacán",16,"Tangancícuaro",16085,0.69,"MEDIO"
"Michoacán",16,"Tanhuato",16086,0.684,"MEDIO"
"Michoacán",16,"Taretan",16087,0.665,"MEDIO"
"Michoacán",16,"Tarímbaro",16088,0.727,"ALTO"
"Michoacán",16,"Tepalcatepec",16089,0.696,"MEDIO"
"Michoacán",16,"Tingambato",16090,0.717,"ALTO"
"Michoacán",16,"Tingüindín",16091,0.675,"MEDIO"
"Michoacán",16,"Tiquicheo de Nicolás Romero",16092,0.674,"MEDIO"
"Michoacán",16,"Tlalpujahua",16093,0.619,"MEDIO"
"Michoacán",16,"Tlazazalca",16094,0.642,"MEDIO"
"Michoacán",16,"Tocumbo",16095,0.705,"ALTO"
"Michoacán",16,"Tumbiscatío",16096,0.624,"MEDIO"
"Michoacán",16,"Turicato",16097,0.655,"MEDIO"
"Michoacán",16,"Tuxpan",16098,0.69,"MEDIO"
"Michoacán",16,"Tuzantla",16099,0.626,"MEDIO"
"Michoacán",16,"Tzintzuntzan",16100,0.693,"MEDIO"
"Michoacán",16,"Tzitzio",16101,0.646,"MEDIO"
"Michoacán",16,"Uruapan",16102,0.756,"ALTO"
"Michoacán",16,"Venustiano Carranza",16103,0.684,"MEDIO"
"Michoacán",16,"Villamar",16104,0.643,"MEDIO"
"Michoacán",16,"Vista Hermosa",16105,0.672,"MEDIO"
"Michoacán",16,"Yurécuaro",16106,0.675,"MEDIO"
"Michoacán",16,"Zacapu",16107,0.721,"ALTO"
"Michoacán",16,"Zamora",16108,0.724,"ALTO"
"Michoacán",16,"Zináparo",16109,0.708,"ALTO"
"Michoacán",16,"Zinapécuaro",16110,0.703,"ALTO"
"Michoacán",16,"Ziracuaretiro",16111,0.685,"MEDIO"
"Michoacán",16,"Zitácuaro",16112,0.702,"ALTO"
"Michoacán",16,"José Sixto Verduzco",16113,0.699,"MEDIO"
"Morelos",17,"Amacuzac",17001,0.701,"ALTO"
"Morelos",17,"Atlatlahucan",17002,0.751,"ALTO"
"Morelos",17,"Axochiapan",17003,0.695,"MEDIO"
"Morelos",17,"Ayala",17004,0.721,"ALTO"
"Morelos",17,"Coatlán del Río",17005,0.696,"MEDIO"
"Morelos",17,"Cuautla",17006,0.768,"ALTO"
"Morelos",17,"Cuernavaca",17007,0.825,"MUY ALTO"
"Morelos",17,"Emiliano Zapata",17008,0.77,"ALTO"
"Morelos",17,"Huitzilac",17009,0.758,"ALTO"
"Morelos",17,"Jantetelco",17010,0.72,"ALTO"
"Morelos",17,"Jiutepec",17011,0.79,"ALTO"
"Morelos",17,"Jojutla",17012,0.757,"ALTO"
"Morelos",17,"Jonacatepec",17013,0.701,"ALTO"
"Morelos",17,"Mazatepec",17014,0.725,"ALTO"
"Morelos",17,"Miacatlán",17015,0.747,"ALTO"
"Morelos",17,"Ocuituco",17016,0.67,"MEDIO"
"Morelos",17,"Puente de Ixtla",17017,0.745,"ALTO"
"Morelos",17,"Temixco",17018,0.738,"ALTO"
"Morelos",17,"Tepalcingo",17019,0.717,"ALTO"
"Morelos",17,"Tepoztlán",17020,0.769,"ALTO"
"Morelos",17,"Tetecala",17021,0.729,"ALTO"
"Morelos",17,"Tetela del Volcán",17022,0.695,"MEDIO"
"Morelos",17,"Tlalnepantla",17023,0.706,"ALTO"
"Morelos",17,"Tlaltizapán",17024,0.735,"ALTO"
"Morelos",17,"Tlaquiltenango",17025,0.728,"ALTO"
"Morelos",17,"Tlayacapan",17026,0.728,"ALTO"
"Morelos",17,"Totolapan",17027,0.712,"ALTO"
"Morelos",17,"Xochitepec",17028,0.74,"ALTO"
"Morelos",17,"Yautepec",17029,0.746,"ALTO"
"Morelos",17,"Yecapixtla",17030,0.729,"ALTO"
"Morelos",17,"Zacatepec",17031,0.778,"ALTO"
"Morelos",17,"Zacualpan",17032,0.756,"ALTO"
"Morelos",17,"Temoac",17033,0.721,"ALTO"
"Nayarit",18,"Acaponeta",18001,0.76,"ALTO"
"Nayarit",18,"Ahuacatlán",18002,0.761,"ALTO"
"Nayarit",18,"Amatlán de Cañas",18003,0.747,"ALTO"
"Nayarit",18,"Compostela",18004,0.749,"ALTO"
"Nayarit",18,"Huajicori",18005,0.673,"MEDIO"
"Nayarit",18,"Ixtlán del Río",18006,0.764,"ALTO"
"Nayarit",18,"Jala",18007,0.707,"ALTO"
"Nayarit",18,"Xalisco",18008,0.819,"MUY ALTO"
"Nayarit",18,"Del Nayar",18009,0.574,"MEDIO"
"Nayarit",18,"Rosamorada",18010,0.727,"ALTO"
"Nayarit",18,"Ruíz",18011,0.742,"ALTO"
"Nayarit",18,"San Blas",18012,0.727,"ALTO"
"Nayarit",18,"San Pedro Lagunillas",18013,0.753,"ALTO"
"Nayarit",18,"Santa María del Oro",18014,0.746,"ALTO"
"Nayarit",18,"Santiago Ixcuintla",18015,0.75,"ALTO"
"Nayarit",18,"Tecuala",18016,0.764,"ALTO"
"Nayarit",18,"Tepic",18017,0.827,"MUY ALTO"
"Nayarit",18,"Tuxpan",18018,0.771,"ALTO"
"Nayarit",18,"La Yesca",18019,0.653,"MEDIO"
"Nayarit",18,"Bahía de Banderas",18020,0.759,"ALTO"
"Nuevo León",19,"Abasolo",19001,0.769,"ALTO"
"Nuevo León",19,"Agualeguas",19002,0.748,"ALTO"
"Nuevo León",19,"Los Aldamas",19003,0.713,"ALTO"
"Nuevo León",19,"Allende",19004,0.757,"ALTO"
"Nuevo León",19,"Anáhuac",19005,0.725,"ALTO"
"Nuevo León",19,"Apodaca",19006,0.822,"MUY ALTO"
"Nuevo León",19,"Aramberri",19007,0.689,"MEDIO"
"Nuevo León",19,"Bustamante",19008,0.727,"ALTO"
"Nuevo León",19,"Cadereyta Jiménez",19009,0.766,"ALTO"
"Nuevo León",19,"Carmen",19010,0.756,"ALTO"
"Nuevo León",19,"Cerralvo",19011,0.745,"ALTO"
"Nuevo León",19,"Ciénega de Flores",19012,0.746,"ALTO"
"Nuevo León",19,"China",19013,0.735,"ALTO"
"Nuevo León",19,"Dr. Arroyo",19014,0.703,"ALTO"
"Nuevo León",19,"Dr. Coss",19015,0.732,"ALTO"
"Nuevo León",19,"Dr. González",19016,0.728,"ALTO"
"Nuevo León",19,"Galeana",19017,0.717,"ALTO"
"Nuevo León",19,"García",19018,0.768,"ALTO"
"Nuevo León",19,"San Pedro Garza García",19019,0.903,"MUY ALTO"
"Nuevo León",19,"Gral. Bravo",19020,0.743,"ALTO"
"Nuevo León",19,"Gral. Escobedo",19021,0.796,"ALTO"
"Nuevo León",19,"Gral. Terán",19022,0.75,"ALTO"
"Nuevo León",19,"Gral. Treviño",19023,0.734,"ALTO"
"Nuevo León",19,"Gral. Zaragoza",19024,0.683,"MEDIO"
"Nuevo León",19,"Gral. Zuazua",19025,0.741,"ALTO"
"Nuevo León",19,"Guadalupe",19026,0.822,"MUY ALTO"
"Nuevo León",19,"Los Herreras",19027,0.718,"ALTO"
"Nuevo León",19,"Higueras",19028,0.738,"ALTO"
"Nuevo León",19,"Hualahuises",19029,0.778,"ALTO"
"Nuevo León",19,"Iturbide",19030,0.713,"ALTO"
"Nuevo León",19,"Juárez",19031,0.775,"ALTO"
"Nuevo León",19,"Lampazos de Naranjo",19032,0.766,"ALTO"
"Nuevo León",19,"Linares",19033,0.775,"ALTO"
"Nuevo León",19,"Marín",19034,0.752,"ALTO"
"Nuevo León",19,"Melchor Ocampo",19035,0.753,"ALTO"
"Nuevo León",19,"Mier y Noriega",19036,0.644,"MEDIO"
"Nuevo León",19,"Mina",19037,0.76,"ALTO"
"Nuevo León",19,"Montemorelos",19038,0.774,"ALTO"
"Nuevo León",19,"Monterrey",19039,0.832,"MUY ALTO"
"Nuevo León",19,"Parás",19040,0.757,"ALTO"
"Nuevo León",19,"Pesquería",19041,0.735,"ALTO"
"Nuevo León",19,"Los Ramones",19042,0.709,"ALTO"
"Nuevo León",19,"Rayones",19043,0.679,"MEDIO"
"Nuevo León",19,"Sabinas Hidalgo",19044,0.773,"ALTO"
"Nuevo León",19,"Salinas Victoria",19045,0.755,"ALTO"
"Nuevo León",19,"San Nicolás de los Garza",19046,0.843,"MUY ALTO"
"Nuevo León",19,"Hidalgo",19047,0.753,"ALTO"
"Nuevo León",19,"Santa Catarina",19048,0.813,"MUY ALTO"
"Nuevo León",19,"Santiago",19049,0.817,"MUY ALTO"
"Nuevo León",19,"Vallecillo",19050,0.709,"ALTO"
"Nuevo León",19,"Villaldama",19051,0.769,"ALTO"
"Puebla",21,"Acajete",21001,0.627,"MEDIO"
"Puebla",21,"Acateno",21002,0.674,"MEDIO"
"Puebla",21,"Acatlán",21003,0.715,"ALTO"
"Puebla",21,"Acatzingo",21004,0.639,"MEDIO"
"Puebla",21,"Acteopan",21005,0.61,"MEDIO"
"Puebla",21,"Ahuacatlán",21006,0.59,"MEDIO"
"Puebla",21,"Ahuatlán",21007,0.636,"MEDIO"
"Puebla",21,"Ahuazotepec",21008,0.69,"MEDIO"
"Puebla",21,"Ahuehuetitla",21009,0.673,"MEDIO"
"Puebla",21,"Ajalpan",21010,0.615,"MEDIO"
"Puebla",21,"Albino Zertuche",21011,0.621,"MEDIO"
"Puebla",21,"Aljojuca",21012,0.629,"MEDIO"
"Puebla",21,"Altepexi",21013,0.653,"MEDIO"
"Puebla",21,"Amixtlán",21014,0.612,"MEDIO"
"Puebla",21,"Amozoc",21015,0.7,"MEDIO"
"Puebla",21,"Aquixtla",21016,0.673,"MEDIO"
"Puebla",21,"Atempan",21017,0.668,"MEDIO"
"Puebla",21,"Atexcal",21018,0.686,"MEDIO"
"Puebla",21,"Atlixco",21019,0.72,"ALTO"
"Puebla",21,"Atoyatempan",21020,0.661,"MEDIO"
"Puebla",21,"Atzala",21021,0.7,"MEDIO"
"Puebla",21,"Atzitzihuacán",21022,0.652,"MEDIO"
"Puebla",21,"Atzitzintla",21023,0.594,"MEDIO"
"Puebla",21,"Axutla",21024,0.663,"MEDIO"
"Puebla",21,"Ayotoxco de Guerrero",21025,0.663,"MEDIO"
"Puebla",21,"Calpan",21026,0.683,"MEDIO"
"Puebla",21,"Caltepec",21027,0.659,"MEDIO"
"Puebla",21,"Camocuautla",21028,0.593,"MEDIO"
"Puebla",21,"Caxhuacan",21029,0.671,"MEDIO"
"Puebla",21,"Coatepec",21030,0.667,"MEDIO"
"Puebla",21,"Coatzingo",21031,0.629,"MEDIO"
"Puebla",21,"Cohetzala",21032,0.666,"MEDIO"
"Puebla",21,"Cohuecan",21033,0.667,"MEDIO"
"Puebla",21,"Coronango",21034,0.745,"ALTO"
"Puebla",21,"Coxcatlán",21035,0.666,"MEDIO"
"Puebla",21,"Coyomeapan",21036,0.558,"MEDIO"
"Puebla",21,"Coyotepec",21037,0.711,"ALTO"
"Puebla",21,"Cuapiaxtla de Madero",21038,0.658,"MEDIO"
"Puebla",21,"Cuautempan",21039,0.651,"MEDIO"
"Puebla",21,"Cuautinchán",21040,0.645,"MEDIO"
"Puebla",21,"Cuautlancingo",21041,0.781,"ALTO"
"Puebla",21,"Cuayuca de Andrade",21042,0.645,"MEDIO"
"Puebla",21,"Cuetzalan del Progreso",21043,0.66,"MEDIO"
"Puebla",21,"Cuyoaco",21044,0.668,"MEDIO"
"Puebla",21,"Chalchicomula de Sesma",21045,0.66,"MEDIO"
"Puebla",21,"Chapulco",21046,0.603,"MEDIO"
"Puebla",21,"Chiautla",21047,0.704,"ALTO"
"Puebla",21,"Chiautzingo",21048,0.679,"MEDIO"
"Puebla",21,"Chiconcuautla",21049,0.552,"MEDIO"
"Puebla",21,"Chichiquila",21050,0.568,"MEDIO"
"Puebla",21,"Chietla",21051,0.676,"MEDIO"
"Puebla",21,"Chigmecatitlán",21052,0.653,"MEDIO"
"Puebla",21,"Chignahuapan",21053,0.667,"MEDIO"
"Puebla",21,"Chignautla",21054,0.647,"MEDIO"
"Puebla",21,"Chila",21055,0.663,"MEDIO"
"Puebla",21,"Chila de la Sal",21056,0.647,"MEDIO"
"Puebla",21,"Honey",21057,0.64,"MEDIO"
"Puebla",21,"Chilchotla",21058,0.571,"MEDIO"
"Puebla",21,"Chinantla",21059,0.664,"MEDIO"
"Puebla",21,"Domingo Arenas",21060,0.635,"MEDIO"
"Puebla",21,"Eloxochitlán",21061,0.539,"BAJO"
"Puebla",21,"Epatlán",21062,0.696,"MEDIO"
"Puebla",21,"Esperanza",21063,0.647,"MEDIO"
"Puebla",21,"Francisco Z. Mena",21064,0.655,"MEDIO"
"Puebla",21,"General Felipe Ángeles",21065,0.622,"MEDIO"
"Puebla",21,"Guadalupe",21066,0.654,"MEDIO"
"Puebla",21,"Guadalupe Victoria",21067,0.634,"MEDIO"
"Puebla",21,"Hermenegildo Galeana",21068,0.628,"MEDIO"
"Puebla",21,"Huaquechula",21069,0.665,"MEDIO"
"Puebla",21,"Huatlatlauca",21070,0.598,"MEDIO"
"Puebla",21,"Huauchinango",21071,0.69,"MEDIO"
"Puebla",21,"Huehuetla",21072,0.572,"MEDIO"
"Puebla",21,"Huehuetlán el Chico",21073,0.671,"MEDIO"
"Puebla",21,"Huejotzingo",21074,0.717,"ALTO"
"Puebla",21,"Hueyapan",21075,0.688,"MEDIO"
"Puebla",21,"Hueytamalco",21076,0.644,"MEDIO"
"Puebla",21,"Hueytlalpan",21077,0.524,"BAJO"
"Puebla",21,"Huitzilan de Serdán",21078,0.541,"BAJO"
"Puebla",21,"Huitziltepec",21079,0.691,"MEDIO"
"Puebla",21,"Atlequizayan",21080,0.63,"MEDIO"
"Puebla",21,"Ixcamilpa de Guerrero",21081,0.633,"MEDIO"
"Puebla",21,"Ixcaquixtla",21082,0.667,"MEDIO"
"Puebla",21,"Ixtacamaxtitlán",21083,0.626,"MEDIO"
"Puebla",21,"Ixtepec",21084,0.589,"MEDIO"
"Puebla",21,"Izúcar de Matamoros",21085,0.73,"ALTO"
"Puebla",21,"Jalpan",21086,0.676,"MEDIO"
"Puebla",21,"Jolalpan",21087,0.628,"MEDIO"
"Puebla",21,"Jonotla",21088,0.675,"MEDIO"
"Puebla",21,"Jopala",21089,0.643,"MEDIO"
"Puebla",21,"Juan C. Bonilla",21090,0.733,"ALTO"
"Puebla",21,"Juan Galindo",21091,0.753,"ALTO"
"Puebla",21,"Juan N. Méndez",21092,0.627,"MEDIO"
"Puebla",21,"Lafragua",21093,0.6,"MEDIO"
"Puebla",21,"Libres",21094,0.664,"MEDIO"
"Puebla",21,"La Magdalena Tlatlauquitepec",21095,0.658,"MEDIO"
"Puebla",21,"Mazapiltepec de Juárez",21096,0.619,"MEDIO"
"Puebla",21,"Mixtla",21097,0.7,"MEDIO"
"Puebla",21,"Molcaxac",21098,0.642,"MEDIO"
"Puebla",21,"Cañada Morelos",21099,0.626,"MEDIO"
"Puebla",21,"Naupan",21100,0.616,"MEDIO"
"Puebla",21,"Nauzontla",21101,0.679,"MEDIO"
"Puebla",21,"Nealtican",21102,0.686,"MEDIO"
"Puebla",21,"Nicolás Bravo",21103,0.666,"MEDIO"
"Puebla",21,"Nopalucan",21104,0.683,"MEDIO"
"Puebla",21,"Ocotepec",21105,0.672,"MEDIO"
"Puebla",21,"Ocoyucan",21106,0.741,"ALTO"
"Puebla",21,"Olintla",21107,0.591,"MEDIO"
"Puebla",21,"Oriental",21108,0.67,"MEDIO"
"Puebla",21,"Pahuatlán",21109,0.663,"MEDIO"
"Puebla",21,"Palmar de Bravo",21110,0.631,"MEDIO"
"Puebla",21,"Pantepec",21111,0.661,"MEDIO"
"Puebla",21,"Petlalcingo",21112,0.649,"MEDIO"
"Puebla",21,"Piaxtla",21113,0.662,"MEDIO"
"Puebla",21,"Puebla",21114,0.797,"ALTO"
"Puebla",21,"Quecholac",21115,0.617,"MEDIO"
"Puebla",21,"Quimixtlán",21116,0.603,"MEDIO"
"Puebla",21,"Rafael Lara Grajales",21117,0.714,"ALTO"
"Puebla",21,"Los Reyes de Juárez",21118,0.618,"MEDIO"
"Puebla",21,"San Andrés Cholula",21119,0.772,"ALTO"
"Puebla",21,"San Antonio Cañada",21120,0.595,"MEDIO"
"Puebla",21,"San Diego la Mesa Tochimiltzingo",21121,0.634,"MEDIO"
"Puebla",21,"San Felipe Teotlalcingo",21122,0.703,"ALTO"
"Puebla",21,"San Felipe Tepatlán",21123,0.627,"MEDIO"
"Puebla",21,"San Gabriel Chilac",21124,0.672,"MEDIO"
"Puebla",21,"San Gregorio Atzompa",21125,0.757,"ALTO"
"Puebla",21,"San Jerónimo Tecuanipan",21126,0.658,"MEDIO"
"Puebla",21,"San Jerónimo Xayacatlán",21127,0.701,"ALTO"
"Puebla",21,"San José Chiapa",21128,0.68,"MEDIO"
"Puebla",21,"San José Miahuatlán",21129,0.665,"MEDIO"
"Puebla",21,"San Juan Atenco",21130,0.695,"MEDIO"
"Puebla",21,"San Juan Atzompa",21131,0.644,"MEDIO"
"Puebla",21,"San Martín Texmelucan",21132,0.729,"ALTO"
"Puebla",21,"San Martín Totoltepec",21133,0.706,"ALTO"
"Puebla",21,"San Matías Tlalancaleca",21134,0.684,"MEDIO"
"Puebla",21,"San Miguel Ixitlán",21135,0.64,"MEDIO"
"Puebla",21,"San Miguel Xoxtla",21136,0.767,"ALTO"
"Puebla",21,"San Nicolás Buenos Aires",21137,0.589,"MEDIO"
"Puebla",21,"San Nicolás de los Ranchos",21138,0.691,"MEDIO"
"Puebla",21,"San Pablo Anicano",21139,0.69,"MEDIO"
"Puebla",21,"San Pedro Cholula",21140,0.787,"ALTO"
"Puebla",21,"San Pedro Yeloixtlahuaca",21141,0.693,"MEDIO"
"Puebla",21,"San Salvador el Seco",21142,0.653,"MEDIO"
"Puebla",21,"San Salvador el Verde",21143,0.691,"MEDIO"
"Puebla",21,"San Salvador Huixcolotla",21144,0.611,"MEDIO"
"Puebla",21,"San Sebastián Tlacotepec",21145,0.564,"MEDIO"
"Puebla",21,"Santa Catarina Tlaltempan",21146,0.654,"MEDIO"
"Puebla",21,"Santa Inés Ahuatempan",21147,0.673,"MEDIO"
"Puebla",21,"Santa Isabel Cholula",21148,0.648,"MEDIO"
"Puebla",21,"Santiago Miahuatlán",21149,0.681,"MEDIO"
"Puebla",21,"Huehuetlán el Grande",21150,0.64,"MEDIO"
"Puebla",21,"Santo Tomás Hueyotlipan",21151,0.678,"MEDIO"
"Puebla",21,"Soltepec",21152,0.679,"MEDIO"
"Puebla",21,"Tecali de Herrera",21153,0.691,"MEDIO"
"Puebla",21,"Tecamachalco",21154,0.713,"ALTO"
"Puebla",21,"Tecomatlán",21155,0.714,"ALTO"
"Puebla",21,"Tehuacán",21156,0.718,"ALTO"
"Puebla",21,"Tehuitzingo",21157,0.671,"MEDIO"
"Puebla",21,"Tenampulco",21158,0.684,"MEDIO"
"Puebla",21,"Teopantlán",21159,0.613,"MEDIO"
"Puebla",21,"Teotlalco",21160,0.684,"MEDIO"
"Puebla",21,"Tepanco de López",21161,0.704,"ALTO"
"Puebla",21,"Tepango de Rodríguez",21162,0.603,"MEDIO"
"Puebla",21,"Tepatlaxco de Hidalgo",21163,0.664,"MEDIO"
"Puebla",21,"Tepeaca",21164,0.675,"MEDIO"
"Puebla",21,"Tepemaxalco",21165,0.562,"MEDIO"
"Puebla",21,"Tepeojuma",21166,0.663,"MEDIO"
"Puebla",21,"Tepetzintla",21167,0.523,"BAJO"
"Puebla",21,"Tepexco",21168,0.611,"MEDIO"
"Puebla",21,"Tepexi de Rodríguez",21169,0.66,"MEDIO"
"Puebla",21,"Tepeyahualco",21170,0.607,"MEDIO"
"Puebla",21,"Tepeyahualco de Cuauhtémoc",21171,0.711,"ALTO"
"Puebla",21,"Tetela de Ocampo",21172,0.664,"MEDIO"
"Puebla",21,"Teteles de Avila Castillo",21173,0.754,"ALTO"
"Puebla",21,"Teziutlán",21174,0.733,"ALTO"
"Puebla",21,"Tianguismanalco",21175,0.674,"MEDIO"
"Puebla",21,"Tilapa",21176,0.704,"ALTO"
"Puebla",21,"Tlacotepec de Benito Juárez",21177,0.647,"MEDIO"
"Puebla",21,"Tlacuilotepec",21178,0.638,"MEDIO"
"Puebla",21,"Tlachichuca",21179,0.652,"MEDIO"
"Puebla",21,"Tlahuapan",21180,0.686,"MEDIO"
"Puebla",21,"Tlaltenango",21181,0.701,"ALTO"
"Puebla",21,"Tlanepantla",21182,0.67,"MEDIO"
"Puebla",21,"Tlaola",21183,0.572,"MEDIO"
"Puebla",21,"Tlapacoya",21184,0.614,"MEDIO"
"Puebla",21,"Tlapanalá",21185,0.653,"MEDIO"
"Puebla",21,"Tlatlauquitepec",21186,0.716,"ALTO"
"Puebla",21,"Tlaxco",21187,0.613,"MEDIO"
"Puebla",21,"Tochimilco",21188,0.629,"MEDIO"
"Puebla",21,"Tochtepec",21189,0.694,"MEDIO"
"Puebla",21,"Totoltepec de Guerrero",21190,0.637,"MEDIO"
"Puebla",21,"Tulcingo",21191,0.642,"MEDIO"
"Puebla",21,"Tuzamapan de Galeana",21192,0.627,"MEDIO"
"Puebla",21,"Tzicatlacoyan",21193,0.645,"MEDIO"
"Puebla",21,"Venustiano Carranza",21194,0.699,"MEDIO"
"Puebla",21,"Vicente Guerrero",21195,0.561,"MEDIO"
"Puebla",21,"Xayacatlán de Bravo",21196,0.714,"ALTO"
"Puebla",21,"Xicotepec",21197,0.716,"ALTO"
"Puebla",21,"Xicotlán",21198,0.56,"MEDIO"
"Puebla",21,"Xiutetelco",21199,0.654,"MEDIO"
"Puebla",21,"Xochiapulco",21200,0.668,"MEDIO"
"Puebla",21,"Xochiltepec",21201,0.662,"MEDIO"
"Puebla",21,"Xochitlán de Vicente Suárez",21202,0.637,"MEDIO"
"Puebla",21,"Xochitlán Todos Santos",21203,0.632,"MEDIO"
"Puebla",21,"Yaonáhuac",21204,0.751,"ALTO"
"Puebla",21,"Yehualtepec",21205,0.67,"MEDIO"
"Puebla",21,"Zacapala",21206,0.614,"MEDIO"
"Puebla",21,"Zacapoaxtla",21207,0.671,"MEDIO"
"Puebla",21,"Zacatlán",21208,0.683,"MEDIO"
"Puebla",21,"Zapotitlán",21209,0.699,"MEDIO"
"Puebla",21,"Zapotitlán de Méndez",21210,0.623,"MEDIO"
"Puebla",21,"Zaragoza",21211,0.73,"ALTO"
"Puebla",21,"Zautla",21212,0.619,"MEDIO"
"Puebla",21,"Zihuateutla",21213,0.656,"MEDIO"
"Puebla",21,"Zinacatepec",21214,0.668,"MEDIO"
"Puebla",21,"Zongozotla",21215,0.588,"MEDIO"
"Puebla",21,"Zoquiapan",21216,0.656,"MEDIO"
"Puebla",21,"Zoquitlán",21217,0.564,"MEDIO"
"Querétaro",22,"Amealco de Bonfil",22001,0.666,"MEDIO"
"Querétaro",22,"Pinal de Amoles",22002,0.645,"MEDIO"
"Querétaro",22,"Arroyo Seco",22003,0.692,"MEDIO"
"Querétaro",22,"Cadereyta de Montes",22004,0.672,"MEDIO"
"Querétaro",22,"Colón",22005,0.686,"MEDIO"
"Querétaro",22,"Corregidora",22006,0.851,"MUY ALTO"
"Querétaro",22,"Ezequiel Montes",22007,0.697,"MEDIO"
"Querétaro",22,"Huimilpan",22008,0.664,"MEDIO"
"Querétaro",22,"Jalpan de Serra",22009,0.728,"ALTO"
"Querétaro",22,"Landa de Matamoros",22010,0.648,"MEDIO"
"Querétaro",22,"El Marqués",22011,0.762,"ALTO"
"Querétaro",22,"Pedro Escobedo",22012,0.729,"ALTO"
"Querétaro",22,"Peñamiller",22013,0.645,"MEDIO"
"Querétaro",22,"Querétaro",22014,0.818,"MUY ALTO"
"Querétaro",22,"San Joaquín",22015,0.673,"MEDIO"
"Querétaro",22,"San Juan del Río",22016,0.765,"ALTO"
"Querétaro",22,"Tequisquiapan",22017,0.745,"ALTO"
"Querétaro",22,"Tolimán",22018,0.702,"ALTO"
"Quintana Roo",23,"Cozumel",23001,0.775,"ALTO"
"Quintana Roo",23,"Felipe Carrillo Puerto",23002,0.687,"MEDIO"
"Quintana Roo",23,"Isla Mujeres",23003,0.738,"ALTO"
"Quintana Roo",23,"Othón P. Blanco",23004,0.779,"ALTO"
"Quintana Roo",23,"Benito Juárez",23005,0.78,"ALTO"
"Quintana Roo",23,"José María Morelos",23006,0.679,"MEDIO"
"Quintana Roo",23,"Lázaro Cárdenas",23007,0.709,"ALTO"
"Quintana Roo",23,"Solidaridad",23008,0.78,"ALTO"
"Quintana Roo",23,"Tulum",23009,0.712,"ALTO"
"San Luis Potosí",24,"Ahualulco",24001,0.659,"MEDIO"
"San Luis Potosí",24,"Alaquines",24002,0.642,"MEDIO"
"San Luis Potosí",24,"Aquismón",24003,0.592,"MEDIO"
"San Luis Potosí",24,"Armadillo de los Infante",24004,0.644,"MEDIO"
"San Luis Potosí",24,"Cárdenas",24005,0.731,"ALTO"
"San Luis Potosí",24,"Catorce",24006,0.662,"MEDIO"
"San Luis Potosí",24,"Cedral",24007,0.73,"ALTO"
"San Luis Potosí",24,"Cerritos",24008,0.728,"ALTO"
"San Luis Potosí",24,"Cerro de San Pedro",24009,0.764,"ALTO"
"San Luis Potosí",24,"Ciudad del Maíz",24010,0.673,"MEDIO"
"San Luis Potosí",24,"Ciudad Fernández",24011,0.724,"ALTO"
"San Luis Potosí",24,"Tancanhuitz",24012,0.693,"MEDIO"
"San Luis Potosí",24,"Ciudad Valles",24013,0.76,"ALTO"
"San Luis Potosí",24,"Coxcatlán",24014,0.67,"MEDIO"
"San Luis Potosí",24,"Charcas",24015,0.698,"MEDIO"
"San Luis Potosí",24,"Ebano",24016,0.731,"ALTO"
"San Luis Potosí",24,"Guadalcázar",24017,0.641,"MEDIO"
"San Luis Potosí",24,"Huehuetlán",24018,0.687,"MEDIO"
"San Luis Potosí",24,"Lagunillas",24019,0.64,"MEDIO"
"San Luis Potosí",24,"Matehuala",24020,0.767,"ALTO"
"San Luis Potosí",24,"Mexquitic de Carmona",24021,0.698,"MEDIO"
"San Luis Potosí",24,"Moctezuma",24022,0.668,"MEDIO"
"San Luis Potosí",24,"Rayón",24023,0.667,"MEDIO"
"San Luis Potosí",24,"Rioverde",24024,0.728,"ALTO"
"San Luis Potosí",24,"Salinas",24025,0.701,"ALTO"
"San Luis Potosí",24,"San Antonio",24026,0.661,"MEDIO"
"San Luis Potosí",24,"San Ciro de Acosta",24027,0.709,"ALTO"
"San Luis Potosí",24,"San Luis Potosí",24028,0.815,"MUY ALTO"
"San Luis Potosí",24,"San Martín Chalchicuautla",24029,0.651,"MEDIO"
"San Luis Potosí",24,"San Nicolás Tolentino",24030,0.623,"MEDIO"
"San Luis Potosí",24,"Santa Catarina",24031,0.59,"MEDIO"
"San Luis Potosí",24,"Santa María del Río",24032,0.692,"MEDIO"
"San Luis Potosí",24,"Santo Domingo",24033,0.651,"MEDIO"
"San Luis Potosí",24,"San Vicente Tancuayalab",24034,0.696,"MEDIO"
"San Luis Potosí",24,"Soledad de Graciano Sánchez",24035,0.792,"ALTO"
"San Luis Potosí",24,"Tamasopo",24036,0.676,"MEDIO"
"San Luis Potosí",24,"Tamazunchale",24037,0.693,"MEDIO"
"San Luis Potosí",24,"Tampacán",24038,0.683,"MEDIO"
"San Luis Potosí",24,"Tampamolón Corona",24039,0.658,"MEDIO"
"San Luis Potosí",24,"Tamuín",24040,0.716,"ALTO"
"San Luis Potosí",24,"Tanlajás",24041,0.626,"MEDIO"
"San Luis Potosí",24,"Tanquián de Escobedo",24042,0.718,"ALTO"
"San Luis Potosí",24,"Tierra Nueva",24043,0.671,"MEDIO"
"San Luis Potosí",24,"Vanegas",24044,0.663,"MEDIO"
"San Luis Potosí",24,"Venado",24045,0.67,"MEDIO"
"San Luis Potosí",24,"Villa de Arriaga",24046,0.654,"MEDIO"
"San Luis Potosí",24,"Villa de Guadalupe",24047,0.642,"MEDIO"
"San Luis Potosí",24,"Villa de la Paz",24048,0.748,"ALTO"
"San Luis Potosí",24,"Villa de Ramos",24049,0.647,"MEDIO"
"San Luis Potosí",24,"Villa de Reyes",24050,0.689,"MEDIO"
"San Luis Potosí",24,"Villa Hidalgo",24051,0.681,"MEDIO"
"San Luis Potosí",24,"Villa Juárez",24052,0.662,"MEDIO"
"San Luis Potosí",24,"Axtla de Terrazas",24053,0.69,"MEDIO"
"San Luis Potosí",24,"Xilitla",24054,0.663,"MEDIO"
"San Luis Potosí",24,"Zaragoza",24055,0.706,"ALTO"
"San Luis Potosí",24,"Villa de Arista",24056,0.665,"MEDIO"
"San Luis Potosí",24,"Matlapa",24057,0.679,"MEDIO"
"San Luis Potosí",24,"El Naranjo",24058,0.705,"ALTO"
"Sinaloa",25,"Ahome",25001,0.799,"ALTO"
"Sinaloa",25,"Angostura",25002,0.767,"ALTO"
"Sinaloa",25,"Badiraguato",25003,0.645,"MEDIO"
"Sinaloa",25,"Concordia",25004,0.731,"ALTO"
"Sinaloa",25,"Cosalá",25005,0.697,"MEDIO"
"Sinaloa",25,"Culiacán",25006,0.813,"MUY ALTO"
"Sinaloa",25,"Choix",25007,0.67,"MEDIO"
"Sinaloa",25,"Elota",25008,0.703,"ALTO"
"Sinaloa",25,"Escuinapa",25009,0.726,"ALTO"
"Sinaloa",25,"El Fuerte",25010,0.718,"ALTO"
"Sinaloa",25,"Guasave",25011,0.752,"ALTO"
"Sinaloa",25,"Mazatlán",25012,0.81,"MUY ALTO"
"Sinaloa",25,"Mocorito",25013,0.706,"ALTO"
"Sinaloa",25,"Rosario",25014,0.717,"ALTO"
"Sinaloa",25,"Salvador Alvarado",25015,0.8,"ALTO"
"Sinaloa",25,"San Ignacio",25016,0.694,"MEDIO"
"Sinaloa",25,"Sinaloa",25017,0.69,"MEDIO"
"Sinaloa",25,"Navolato",25018,0.74,"ALTO"
"Sonora",26,"Aconchi",26001,0.766,"ALTO"
"Sonora",26,"Agua Prieta",26002,0.759,"ALTO"
"Sonora",26,"Altar",26004,0.724,"ALTO"
"Sonora",26,"Arivechi",26005,0.699,"MEDIO"
"Sonora",26,"Arizpe",26006,0.719,"ALTO"
"Sonora",26,"Atil",26007,0.668,"MEDIO"
"Sonora",26,"Bacadéhuachi",26008,0.717,"ALTO"
"Sonora",26,"Bacanora",26009,0.658,"MEDIO"
"Sonora",26,"Bacerac",26010,0.723,"ALTO"
"Sonora",26,"Bacoachi",26011,0.713,"ALTO"
"Sonora",26,"Bácum",26012,0.725,"ALTO"
"Sonora",26,"Banámichi",26013,0.722,"ALTO"
"Sonora",26,"Baviácora",26014,0.755,"ALTO"
"Sonora",26,"Bavispe",26015,0.685,"MEDIO"
"Sonora",26,"Benjamín Hill",26016,0.752,"ALTO"
"Sonora",26,"Caborca",26017,0.765,"ALTO"
"Sonora",26,"Cajeme",26018,0.794,"ALTO"
"Sonora",26,"Cananea",26019,0.785,"ALTO"
"Sonora",26,"Carbó",26020,0.723,"ALTO"
"Sonora",26,"La Colorada",26021,0.71,"ALTO"
"Sonora",26,"Cucurpe",26022,0.699,"MEDIO"
"Sonora",26,"Cumpas",26023,0.78,"ALTO"
"Sonora",26,"Divisaderos",26024,0.68,"MEDIO"
"Sonora",26,"Empalme",26025,0.759,"ALTO"
"Sonora",26,"Etchojoa",26026,0.746,"ALTO"
"Sonora",26,"Fronteras",26027,0.758,"ALTO"
"Sonora",26,"Granados",26028,0.734,"ALTO"
"Sonora",26,"Guaymas",26029,0.769,"ALTO"
"Sonora",26,"Hermosillo",26030,0.817,"MUY ALTO"
"Sonora",26,"Huachinera",26031,0.719,"ALTO"
"Sonora",26,"Huásabas",26032,0.775,"ALTO"
"Sonora",26,"Huatabampo",26033,0.755,"ALTO"
"Sonora",26,"Huépac",26034,0.766,"ALTO"
"Sonora",26,"Imuris",26035,0.746,"ALTO"
"Sonora",26,"Magdalena",26036,0.772,"ALTO"
"Sonora",26,"Mazatán",26037,0.713,"ALTO"
"Sonora",26,"Moctezuma",26038,0.763,"ALTO"
"Sonora",26,"Naco",26039,0.741,"ALTO"
"Sonora",26,"Nácori Chico",26040,0.655,"MEDIO"
"Sonora",26,"Nacozari de García",26041,0.783,"ALTO"
"Sonora",26,"Navojoa",26042,0.777,"ALTO"
"Sonora",26,"Nogales",26043,0.769,"ALTO"
"Sonora",26,"Opodepe",26045,0.713,"ALTO"
"Sonora",26,"Oquitoa",26046,0.708,"ALTO"
"Sonora",26,"Pitiquito",26047,0.762,"ALTO"
"Sonora",26,"Puerto Peñasco",26048,0.752,"ALTO"
"Sonora",26,"Quiriego",26049,0.641,"MEDIO"
"Sonora",26,"Rayón",26050,0.708,"ALTO"
"Sonora",26,"Rosario",26051,0.69,"MEDIO"
"Sonora",26,"Sahuaripa",26052,0.68,"MEDIO"
"Sonora",26,"San Felipe de Jesús",26053,0.75,"ALTO"
"Sonora",26,"San Javier",26054,0.649,"MEDIO"
"Sonora",26,"San Luis Río Colorado",26055,0.753,"ALTO"
"Sonora",26,"San Miguel de Horcasitas",26056,0.645,"MEDIO"
"Sonora",26,"San Pedro de la Cueva",26057,0.719,"ALTO"
"Sonora",26,"Santa Ana",26058,0.758,"ALTO"
"Sonora",26,"Santa Cruz",26059,0.703,"ALTO"
"Sonora",26,"Sáric",26060,0.698,"MEDIO"
"Sonora",26,"Soyopa",26061,0.658,"MEDIO"
"Sonora",26,"Suaqui Grande",26062,0.733,"ALTO"
"Sonora",26,"Tepache",26063,0.666,"MEDIO"
"Sonora",26,"Trincheras",26064,0.713,"ALTO"
"Sonora",26,"Tubutama",26065,0.705,"ALTO"
"Sonora",26,"Ures",26066,0.766,"ALTO"
"Sonora",26,"Villa Hidalgo",26067,0.726,"ALTO"
"Sonora",26,"Villa Pesqueira",26068,0.684,"MEDIO"
"Sonora",26,"Yécora",26069,0.616,"MEDIO"
"Sonora",26,"General Plutarco Elías Calles",26070,0.733,"ALTO"
"Sonora",26,"Benito Juárez",26071,0.749,"ALTO"
"Sonora",26,"San Ignacio Río Muerto",26072,0.694,"MEDIO"
"Tabasco",27,"Balancán",27001,0.691,"MEDIO"
"Tabasco",27,"Cárdenas",27002,0.725,"ALTO"
"Tabasco",27,"Centla",27003,0.708,"ALTO"
"Tabasco",27,"Centro",27004,0.8,"ALTO"
"Tabasco",27,"Comalcalco",27005,0.731,"ALTO"
"Tabasco",27,"Cunduacán",27006,0.732,"ALTO"
"Tabasco",27,"Emiliano Zapata",27007,0.736,"ALTO"
"Tabasco",27,"Huimanguillo",27008,0.707,"ALTO"
"Tabasco",27,"Jalapa",27009,0.73,"ALTO"
"Tabasco",27,"Jalpa de Méndez",27010,0.75,"ALTO"
"Tabasco",27,"Jonuta",27011,0.689,"MEDIO"
"Tabasco",27,"Macuspana",27012,0.72,"ALTO"
"Tabasco",27,"Nacajuca",27013,0.784,"ALTO"
"Tabasco",27,"Paraíso",27014,0.738,"ALTO"
"Tabasco",27,"Tacotalpa",27015,0.693,"MEDIO"
"Tabasco",27,"Teapa",27016,0.711,"ALTO"
"Tabasco",27,"Tenosique",27017,0.731,"ALTO"
"Tamaulipas",28,"Abasolo",28001,0.71,"ALTO"
"Tamaulipas",28,"Aldama",28002,0.716,"ALTO"
"Tamaulipas",28,"Altamira",28003,0.742,"ALTO"
"Tamaulipas",28,"Antiguo Morelos",28004,0.712,"ALTO"
"Tamaulipas",28,"Burgos",28005,0.683,"MEDIO"
"Tamaulipas",28,"Bustamante",28006,0.603,"MEDIO"
"Tamaulipas",28,"Camargo",28007,0.712,"ALTO"
"Tamaulipas",28,"Casas",28008,0.63,"MEDIO"
"Tamaulipas",28,"Ciudad Madero",28009,0.824,"MUY ALTO"
"Tamaulipas",28,"Cruillas",28010,0.683,"MEDIO"
"Tamaulipas",28,"Gómez Farías",28011,0.723,"ALTO"
"Tamaulipas",28,"González",28012,0.69,"MEDIO"
"Tamaulipas",28,"Güémez",28013,0.694,"MEDIO"
"Tamaulipas",28,"Guerrero",28014,0.744,"ALTO"
"Tamaulipas",28,"Gustavo Díaz Ordaz",28015,0.734,"ALTO"
"Tamaulipas",28,"Hidalgo",28016,0.684,"MEDIO"
"Tamaulipas",28,"Jaumave",28017,0.717,"ALTO"
"Tamaulipas",28,"Jiménez",28018,0.713,"ALTO"
"Tamaulipas",28,"Llera",28019,0.697,"MEDIO"
"Tamaulipas",28,"Mainero",28020,0.678,"MEDIO"
"Tamaulipas",28,"El Mante",28021,0.752,"ALTO"
"Tamaulipas",28,"Matamoros",28022,0.768,"ALTO"
"Tamaulipas",28,"Méndez",28023,0.688,"MEDIO"
"Tamaulipas",28,"Mier",28024,0.756,"ALTO"
"Tamaulipas",28,"Miguel Alemán",28025,0.74,"ALTO"
"Tamaulipas",28,"Miquihuana",28026,0.622,"MEDIO"
"Tamaulipas",28,"Nuevo Laredo",28027,0.777,"ALTO"
"Tamaulipas",28,"Nuevo Morelos",28028,0.705,"ALTO"
"Tamaulipas",28,"Ocampo",28029,0.713,"ALTO"
"Tamaulipas",28,"Padilla",28030,0.731,"ALTO"
"Tamaulipas",28,"Palmillas",28031,0.699,"MEDIO"
"Tamaulipas",28,"Reynosa",28032,0.767,"ALTO"
"Tamaulipas",28,"Río Bravo",28033,0.73,"ALTO"
"Tamaulipas",28,"San Carlos",28034,0.659,"MEDIO"
"Tamaulipas",28,"San Fernando",28035,0.723,"ALTO"
"Tamaulipas",28,"San Nicolás",28036,0.6,"MEDIO"
"Tamaulipas",28,"Soto la Marina",28037,0.692,"MEDIO"
"Tamaulipas",28,"Tampico",28038,0.809,"MUY ALTO"
"Tamaulipas",28,"Tula",28039,0.701,"ALTO"
"Tamaulipas",28,"Valle Hermoso",28040,0.755,"ALTO"
"Tamaulipas",28,"Victoria",28041,0.813,"MUY ALTO"
"Tamaulipas",28,"Villagrán",28042,0.671,"MEDIO"
"Tamaulipas",28,"Xicoténcatl",28043,0.759,"ALTO"
"Tlaxcala",29,"Amaxac de Guerrero",29001,0.779,"ALTO"
"Tlaxcala",29,"Apetatitlán de Antonio Carvajal",29002,0.709,"ALTO"
"Tlaxcala",29,"Atlangatepec",29003,0.694,"MEDIO"
"Tlaxcala",29,"Atltzayanca",29004,0.631,"MEDIO"
"Tlaxcala",29,"Apizaco",29005,0.795,"ALTO"
"Tlaxcala",29,"Calpulalpan",29006,0.707,"ALTO"
"Tlaxcala",29,"El Carmen Tequexquitla",29007,0.623,"MEDIO"
"Tlaxcala",29,"Cuapiaxtla",29008,0.645,"MEDIO"
"Tlaxcala",29,"Cuaxomulco",29009,0.746,"ALTO"
"Tlaxcala",29,"Chiautempan",29010,0.764,"ALTO"
"Tlaxcala",29,"Muñoz de Domingo Arenas",29011,0.729,"ALTO"
"Tlaxcala",29,"Españita",29012,0.705,"ALTO"
"Tlaxcala",29,"Huamantla",29013,0.705,"ALTO"
"Tlaxcala",29,"Hueyotlipan",29014,0.673,"MEDIO"
"Tlaxcala",29,"Ixtacuixtla de Mariano Matamoros",29015,0.759,"ALTO"
"Tlaxcala",29,"Ixtenco",29016,0.747,"ALTO"
"Tlaxcala",29,"Mazatecochco de José María Morelos",29017,0.69,"MEDIO"
"Tlaxcala",29,"Contla de Juan Cuamatzi",29018,0.753,"ALTO"
"Tlaxcala",29,"Tepetitla de Lardizábal",29019,0.732,"ALTO"
"Tlaxcala",29,"Sanctórum de Lázaro Cárdenas",29020,0.683,"MEDIO"
"Tlaxcala",29,"Nanacamilpa de Mariano Arista",29021,0.696,"MEDIO"
"Tlaxcala",29,"Acuamanala de Miguel Hidalgo",29022,0.749,"ALTO"
"Tlaxcala",29,"Natívitas",29023,0.74,"ALTO"
"Tlaxcala",29,"Panotla",29024,0.783,"ALTO"
"Tlaxcala",29,"San Pablo del Monte",29025,0.701,"ALTO"
"Tlaxcala",29,"Santa Cruz Tlaxcala",29026,0.768,"ALTO"
"Tlaxcala",29,"Tenancingo",29027,0.697,"MEDIO"
"Tlaxcala",29,"Teolocholco",29028,0.698,"MEDIO"
"Tlaxcala",29,"Tepeyanco",29029,0.758,"ALTO"
"Tlaxcala",29,"Terrenate",29030,0.673,"MEDIO"
"Tlaxcala",29,"Tetla de la Solidaridad",29031,0.748,"ALTO"
"Tlaxcala",29,"Tetlatlahuca",29032,0.732,"ALTO"
"Tlaxcala",29,"Tlaxcala",29033,0.841,"MUY ALTO"
"Tlaxcala",29,"Tlaxco",29034,0.698,"MEDIO"
"Tlaxcala",29,"Tocatlán",29035,0.71,"ALTO"
"Tlaxcala",29,"Totolac",29036,0.804,"MUY ALTO"
"Tlaxcala",29,"Ziltlaltépec de Trinidad Sánchez Santos",29037,0.668,"MEDIO"
"Tlaxcala",29,"Tzompantepec",29038,0.719,"ALTO"
"Tlaxcala",29,"Xaloztoc",29039,0.708,"ALTO"
"Tlaxcala",29,"Xaltocan",29040,0.732,"ALTO"
"Tlaxcala",29,"Papalotla de Xicohténcatl",29041,0.746,"ALTO"
"Tlaxcala",29,"Xicohtzinco",29042,0.771,"ALTO"
"Tlaxcala",29,"Yauhquemehcan",29043,0.775,"ALTO"
"Tlaxcala",29,"Zacatelco",29044,0.752,"ALTO"
"Tlaxcala",29,"Benito Juárez",29045,0.687,"MEDIO"
"Tlaxcala",29,"Emiliano Zapata",29046,0.655,"MEDIO"
"Tlaxcala",29,"Lázaro Cárdenas",29047,0.7,"MEDIO"
"Tlaxcala",29,"San Damián Texóloc",29049,0.77,"ALTO"
"Tlaxcala",29,"San Francisco Tetlanohcan",29050,0.733,"ALTO"
"Tlaxcala",29,"San Jerónimo Zacualpan",29051,0.755,"ALTO"
"Tlaxcala",29,"San José Teacalco",29052,0.703,"ALTO"
"Tlaxcala",29,"San Juan Huactzinco",29053,0.719,"ALTO"
"Tlaxcala",29,"San Lorenzo Axocomanitla",29054,0.755,"ALTO"
"Tlaxcala",29,"San Lucas Tecopilco",29055,0.725,"ALTO"
"Tlaxcala",29,"Santa Ana Nopalucan",29056,0.705,"ALTO"
"Tlaxcala",29,"Santa Apolonia Teacalco",29057,0.763,"ALTO"
"Tlaxcala",29,"Santa Catarina Ayometla",29058,0.729,"ALTO"
"Tlaxcala",29,"Santa Cruz Quilehtla",29059,0.684,"MEDIO"
"Tlaxcala",29,"Santa Isabel Xiloxoxtla",29060,0.708,"ALTO"
"Veracruz",30,"Acajete",30001,0.66,"MEDIO"
"Veracruz",30,"Acatlán",30002,0.701,"ALTO"
"Veracruz",30,"Acayucan",30003,0.736,"ALTO"
"Veracruz",30,"Actopan",30004,0.708,"ALTO"
"Veracruz",30,"Acula",30005,0.683,"MEDIO"
"Veracruz",30,"Acultzingo",30006,0.666,"MEDIO"
"Veracruz",30,"Camarón de Tejeda",30007,0.609,"MEDIO"
"Veracruz",30,"Alpatláhuac",30008,0.642,"MEDIO"
"Veracruz",30,"Alto Lucero de Gutiérrez Barrios",30009,0.696,"MEDIO"
"Veracruz",30,"Altotonga",30010,0.63,"MEDIO"
"Veracruz",30,"Alvarado",30011,0.8,"ALTO"
"Veracruz",30,"Amatitlán",30012,0.684,"MEDIO"
"Veracruz",30,"Naranjos Amatlán",30013,0.768,"ALTO"
"Veracruz",30,"Amatlán de los Reyes",30014,0.731,"ALTO"
"Veracruz",30,"Angel R. Cabada",30015,0.698,"MEDIO"
"Veracruz",30,"La Antigua",30016,0.748,"ALTO"
"Veracruz",30,"Apazapan",30017,0.728,"ALTO"
"Veracruz",30,"Aquila",30018,0.548,"BAJO"
"Veracruz",30,"Astacinga",30019,0.558,"MEDIO"
"Veracruz",30,"Atlahuilco",30020,0.554,"MEDIO"
"Veracruz",30,"Atoyac",30021,0.728,"ALTO"
"Veracruz",30,"Atzacan",30022,0.663,"MEDIO"
"Veracruz",30,"Atzalan",30023,0.621,"MEDIO"
"Veracruz",30,"Tlaltetela",30024,0.641,"MEDIO"
"Veracruz",30,"Ayahualulco",30025,0.564,"MEDIO"
"Veracruz",30,"Banderilla",30026,0.781,"ALTO"
"Veracruz",30,"Benito Juárez",30027,0.677,"MEDIO"
"Veracruz",30,"Boca del Río",30028,0.797,"ALTO"
"Veracruz",30,"Calcahualco",30029,0.586,"MEDIO"
"Veracruz",30,"Camerino Z. Mendoza",30030,0.741,"ALTO"
"Veracruz",30,"Carrillo Puerto",30031,0.628,"MEDIO"
"Veracruz",30,"Catemaco",30032,0.674,"MEDIO"
"Veracruz",30,"Cazones de Herrera",30033,0.688,"MEDIO"
"Veracruz",30,"Cerro Azul",30034,0.738,"ALTO"
"Veracruz",30,"Citlaltépetl",30035,0.677,"MEDIO"
"Veracruz",30,"Coacoatzintla",30036,0.663,"MEDIO"
"Veracruz",30,"Coahuitlán",30037,0.615,"MEDIO"
"Veracruz",30,"Coatepec",30038,0.77,"ALTO"
"Veracruz",30,"Coatzacoalcos",30039,0.787,"ALTO"
"Veracruz",30,"Coatzintla",30040,0.774,"ALTO"
"Veracruz",30,"Coetzala",30041,0.667,"MEDIO"
"Veracruz",30,"Colipa",30042,0.671,"MEDIO"
"Veracruz",30,"Comapa",30043,0.61,"MEDIO"
"Veracruz",30,"Córdoba",30044,0.764,"ALTO"
"Veracruz",30,"Cosamaloapan de Carpio",30045,0.734,"ALTO"
"Veracruz",30,"Cosautlán de Carvajal",30046,0.632,"MEDIO"
"Veracruz",30,"Coscomatepec",30047,0.611,"MEDIO"
"Veracruz",30,"Cosoleacaque",30048,0.76,"ALTO"
"Veracruz",30,"Cotaxtla",30049,0.682,"MEDIO"
"Veracruz",30,"Coxquihui",30050,0.638,"MEDIO"
"Veracruz",30,"Coyutla",30051,0.656,"MEDIO"
"Veracruz",30,"Cuichapa",30052,0.705,"ALTO"
"Veracruz",30,"Cuitláhuac",30053,0.713,"ALTO"
"Veracruz",30,"Chacaltianguis",30054,0.677,"MEDIO"
"Veracruz",30,"Chalma",30055,0.704,"ALTO"
"Veracruz",30,"Chiconamel",30056,0.675,"MEDIO"
"Veracruz",30,"Chiconquiaco",30057,0.625,"MEDIO"
"Veracruz",30,"Chicontepec",30058,0.688,"MEDIO"
"Veracruz",30,"Chinameca",30059,0.686,"MEDIO"
"Veracruz",30,"Chinampa de Gorostiza",30060,0.681,"MEDIO"
"Veracruz",30,"Las Choapas",30061,0.69,"MEDIO"
"Veracruz",30,"Chocamán",30062,0.647,"MEDIO"
"Veracruz",30,"Chontla",30063,0.679,"MEDIO"
"Veracruz",30,"Chumatlán",30064,0.651,"MEDIO"
"Veracruz",30,"Emiliano Zapata",30065,0.792,"ALTO"
"Veracruz",30,"Espinal",30066,0.672,"MEDIO"
"Veracruz",30,"Filomeno Mata",30067,0.533,"BAJO"
"Veracruz",30,"Fortín",30068,0.767,"ALTO"
"Veracruz",30,"Gutiérrez Zamora",30069,0.737,"ALTO"
"Veracruz",30,"Hidalgotitlán",30070,0.642,"MEDIO"
"Veracruz",30,"Huatusco",30071,0.721,"ALTO"
"Veracruz",30,"Huayacocotla",30072,0.658,"MEDIO"
"Veracruz",30,"Hueyapan de Ocampo",30073,0.675,"MEDIO"
"Veracruz",30,"Huiloapan de Cuauhtémoc",30074,0.695,"MEDIO"
"Veracruz",30,"Ignacio de la Llave",30075,0.678,"MEDIO"
"Veracruz",30,"Ilamatlán",30076,0.595,"MEDIO"
"Veracruz",30,"Isla",30077,0.68,"MEDIO"
"Veracruz",30,"Ixcatepec",30078,0.699,"MEDIO"
"Veracruz",30,"Ixhuacán de los Reyes",30079,0.624,"MEDIO"
"Veracruz",30,"Ixhuatlán del Café",30080,0.653,"MEDIO"
"Veracruz",30,"Ixhuatlancillo",30081,0.71,"ALTO"
"Veracruz",30,"Ixhuatlán del Sureste",30082,0.687,"MEDIO"
"Veracruz",30,"Ixhuatlán de Madero",30083,0.643,"MEDIO"
"Veracruz",30,"Ixmatlahuacan",30084,0.678,"MEDIO"
"Veracruz",30,"Ixtaczoquitlán",30085,0.754,"ALTO"
"Veracruz",30,"Jalacingo",30086,0.658,"MEDIO"
"Veracruz",30,"Xalapa",30087,0.817,"MUY ALTO"
"Veracruz",30,"Jalcomulco",30088,0.683,"MEDIO"
"Veracruz",30,"Jáltipan",30089,0.74,"ALTO"
"Veracruz",30,"Jamapa",30090,0.704,"ALTO"
"Veracruz",30,"Jesús Carranza",30091,0.664,"MEDIO"
"Veracruz",30,"Xico",30092,0.701,"ALTO"
"Veracruz",30,"Jilotepec",30093,0.704,"ALTO"
"Veracruz",30,"Juan Rodríguez Clara",30094,0.682,"MEDIO"
"Veracruz",30,"Juchique de Ferrer",30095,0.679,"MEDIO"
"Veracruz",30,"Landero y Coss",30096,0.675,"MEDIO"
"Veracruz",30,"Lerdo de Tejada",30097,0.733,"ALTO"
"Veracruz",30,"Magdalena",30098,0.629,"MEDIO"
"Veracruz",30,"Maltrata",30099,0.668,"MEDIO"
"Veracruz",30,"Manlio Fabio Altamirano",30100,0.688,"MEDIO"
"Veracruz",30,"Mariano Escobedo",30101,0.659,"MEDIO"
"Veracruz",30,"Martínez de la Torre",30102,0.74,"ALTO"
"Veracruz",30,"Mecatlán",30103,0.606,"MEDIO"
"Veracruz",30,"Mecayapan",30104,0.633,"MEDIO"
"Veracruz",30,"Medellín",30105,0.755,"ALTO"
"Veracruz",30,"Miahuatlán",30106,0.667,"MEDIO"
"Veracruz",30,"Las Minas",30107,0.565,"MEDIO"
"Veracruz",30,"Minatitlán",30108,0.764,"ALTO"
"Veracruz",30,"Misantla",30109,0.745,"ALTO"
"Veracruz",30,"Mixtla de Altamirano",30110,0.552,"MEDIO"
"Veracruz",30,"Moloacán",30111,0.714,"ALTO"
"Veracruz",30,"Naolinco",30112,0.698,"MEDIO"
"Veracruz",30,"Naranjal",30113,0.68,"MEDIO"
"Veracruz",30,"Nautla",30114,0.718,"ALTO"
"Veracruz",30,"Nogales",30115,0.722,"ALTO"
"Veracruz",30,"Oluta",30116,0.719,"ALTO"
"Veracruz",30,"Omealca",30117,0.685,"MEDIO"
"Veracruz",30,"Orizaba",30118,0.821,"MUY ALTO"
"Veracruz",30,"Otatitlán",30119,0.713,"ALTO"
"Veracruz",30,"Oteapan",30120,0.68,"MEDIO"
"Veracruz",30,"Ozuluama de Mascareñas",30121,0.705,"ALTO"
"Veracruz",30,"Pajapan",30122,0.572,"MEDIO"
"Veracruz",30,"Pánuco",30123,0.729,"ALTO"
"Veracruz",30,"Papantla",30124,0.706,"ALTO"
"Veracruz",30,"Paso del Macho",30125,0.692,"MEDIO"
"Veracruz",30,"Paso de Ovejas",30126,0.709,"ALTO"
"Veracruz",30,"La Perla",30127,0.535,"BAJO"
"Veracruz",30,"Perote",30128,0.694,"MEDIO"
"Veracruz",30,"Platón Sánchez",30129,0.655,"MEDIO"
"Veracruz",30,"Playa Vicente",30130,0.669,"MEDIO"
"Veracruz",30,"Poza Rica de Hidalgo",30131,0.786,"ALTO"
"Veracruz",30,"Las Vigas de Ramírez",30132,0.662,"MEDIO"
"Veracruz",30,"Pueblo Viejo",30133,0.729,"ALTO"
"Veracruz",30,"Puente Nacional",30134,0.712,"ALTO"
"Veracruz",30,"Rafael Delgado",30135,0.681,"MEDIO"
"Veracruz",30,"Rafael Lucio",30136,0.715,"ALTO"
"Veracruz",30,"Los Reyes",30137,0.559,"MEDIO"
"Veracruz",30,"Río Blanco",30138,0.791,"ALTO"
"Veracruz",30,"Saltabarranca",30139,0.69,"MEDIO"
"Veracruz",30,"San Andrés Tenejapan",30140,0.639,"MEDIO"
"Veracruz",30,"San Andrés Tuxtla",30141,0.673,"MEDIO"
"Veracruz",30,"San Juan Evangelista",30142,0.678,"MEDIO"
"Veracruz",30,"Santiago Tuxtla",30143,0.641,"MEDIO"
"Veracruz",30,"Sayula de Alemán",30144,0.684,"MEDIO"
"Veracruz",30,"Soconusco",30145,0.724,"ALTO"
"Veracruz",30,"Sochiapa",30146,0.646,"MEDIO"
"Veracruz",30,"Soledad Atzompa",30147,0.569,"MEDIO"
"Veracruz",30,"Soledad de Doblado",30148,0.685,"MEDIO"
"Veracruz",30,"Soteapan",30149,0.602,"MEDIO"
"Veracruz",30,"Tamalín",30150,0.695,"MEDIO"
"Veracruz",30,"Tamiahua",30151,0.641,"MEDIO"
"Veracruz",30,"Tampico Alto",30152,0.671,"MEDIO"
"Veracruz",30,"Tancoco",30153,0.704,"ALTO"
"Veracruz",30,"Tantima",30154,0.667,"MEDIO"
"Veracruz",30,"Tantoyuca",30155,0.699,"MEDIO"
"Veracruz",30,"Tatatila",30156,0.576,"MEDIO"
"Veracruz",30,"Castillo de Teayo",30157,0.691,"MEDIO"
"Veracruz",30,"Tecolutla",30158,0.675,"MEDIO"
"Veracruz",30,"Tehuipango",30159,0.526,"BAJO"
"Veracruz",30,"Álamo Temapache",30160,0.716,"ALTO"
"Veracruz",30,"Tempoal",30161,0.682,"MEDIO"
"Veracruz",30,"Tenampa",30162,0.627,"MEDIO"
"Veracruz",30,"Tenochtitlán",30163,0.644,"MEDIO"
"Veracruz",30,"Teocelo",30164,0.697,"MEDIO"
"Veracruz",30,"Tepatlaxco",30165,0.641,"MEDIO"
"Veracruz",30,"Tepetlán",30166,0.662,"MEDIO"
"Veracruz",30,"Tepetzintla",30167,0.687,"MEDIO"
"Veracruz",30,"Tequila",30168,0.6,"MEDIO"
"Veracruz",30,"José Azueta",30169,0.663,"MEDIO"
"Veracruz",30,"Texcatepec",30170,0.585,"MEDIO"
"Veracruz",30,"Texhuacán",30171,0.611,"MEDIO"
"Veracruz",30,"Texistepec",30172,0.679,"MEDIO"
"Veracruz",30,"Tezonapa",30173,0.661,"MEDIO"
"Veracruz",30,"Tierra Blanca",30174,0.725,"ALTO"
"Veracruz",30,"Tihuatlán",30175,0.717,"ALTO"
"Veracruz",30,"Tlacojalpan",30176,0.683,"MEDIO"
"Veracruz",30,"Tlacolulan",30177,0.645,"MEDIO"
"Veracruz",30,"Tlacotalpan",30178,0.71,"ALTO"
"Veracruz",30,"Tlacotepec de Mejía",30179,0.674,"MEDIO"
"Veracruz",30,"Tlachichilco",30180,0.624,"MEDIO"
"Veracruz",30,"Tlalixcoyan",30181,0.696,"MEDIO"
"Veracruz",30,"Tlalnelhuayocan",30182,0.695,"MEDIO"
"Veracruz",30,"Tlapacoyan",30183,0.696,"MEDIO"
"Veracruz",30,"Tlaquilpa",30184,0.52,"BAJO"
"Veracruz",30,"Tlilapan",30185,0.656,"MEDIO"
"Veracruz",30,"Tomatlán",30186,0.702,"ALTO"
"Veracruz",30,"Tonayán",30187,0.597,"MEDIO"
"Veracruz",30,"Totutla",30188,0.638,"MEDIO"
"Veracruz",30,"Tuxpan",30189,0.767,"ALTO"
"Veracruz",30,"Tuxtilla",30190,0.696,"MEDIO"
"Veracruz",30,"Ursulo Galván",30191,0.747,"ALTO"
"Veracruz",30,"Vega de Alatorre",30192,0.719,"ALTO"
"Veracruz",30,"Veracruz",30193,0.783,"ALTO"
"Veracruz",30,"Villa Aldama",30194,0.599,"MEDIO"
"Veracruz",30,"Xoxocotla",30195,0.607,"MEDIO"
"Veracruz",30,"Yanga",30196,0.719,"ALTO"
"Veracruz",30,"Yecuatla",30197,0.677,"MEDIO"
"Veracruz",30,"Zacualpan",30198,0.618,"MEDIO"
"Veracruz",30,"Zaragoza",30199,0.669,"MEDIO"
"Veracruz",30,"Zentla",30200,0.662,"MEDIO"
"Veracruz",30,"Zongolica",30201,0.647,"MEDIO"
"Veracruz",30,"Zontecomatlán de López y Fuentes",30202,0.601,"MEDIO"
"Veracruz",30,"Zozocolco de Hidalgo",30203,0.635,"MEDIO"
"Veracruz",30,"Agua Dulce",30204,0.762,"ALTO"
"Veracruz",30,"El Higo",30205,0.731,"ALTO"
"Veracruz",30,"Nanchital de Lázaro Cárdenas del Río",30206,0.776,"ALTO"
"Veracruz",30,"Tres Valles",30207,0.702,"ALTO"
"Veracruz",30,"Carlos A. Carrillo",30208,0.725,"ALTO"
"Veracruz",30,"Tatahuicapan de Juárez",30209,0.615,"MEDIO"
"Veracruz",30,"Uxpanapa",30210,0.649,"MEDIO"
"Veracruz",30,"San Rafael",30211,0.712,"ALTO"
"Veracruz",30,"Santiago Sochiapan",30212,0.617,"MEDIO"
"Yucatán",31,"Abalá",31001,0.66,"MEDIO"
"Yucatán",31,"Acanceh",31002,0.734,"ALTO"
"Yucatán",31,"Akil",31003,0.655,"MEDIO"
"Yucatán",31,"Baca",31004,0.747,"ALTO"
"Yucatán",31,"Bokobá",31005,0.707,"ALTO"
"Yucatán",31,"Buctzotz",31006,0.671,"MEDIO"
"Yucatán",31,"Cacalchén",31007,0.707,"ALTO"
"Yucatán",31,"Calotmul",31008,0.673,"MEDIO"
"Yucatán",31,"Cansahcab",31009,0.749,"ALTO"
"Yucatán",31,"Cantamayec",31010,0.615,"MEDIO"
"Yucatán",31,"Celestún",31011,0.648,"MEDIO"
"Yucatán",31,"Cenotillo",31012,0.658,"MEDIO"
"Yucatán",31,"Conkal",31013,0.808,"MUY ALTO"
"Yucatán",31,"Cuncunul",31014,0.658,"MEDIO"
"Yucatán",31,"Cuzamá",31015,0.655,"MEDIO"
"Yucatán",31,"Chacsinkín",31016,0.593,"MEDIO"
"Yucatán",31,"Chankom",31017,0.596,"MEDIO"
"Yucatán",31,"Chapab",31018,0.707,"ALTO"
"Yucatán",31,"Chemax",31019,0.577,"MEDIO"
"Yucatán",31,"Chicxulub Pueblo",31020,0.758,"ALTO"
"Yucatán",31,"Chichimilá",31021,0.616,"MEDIO"
"Yucatán",31,"Chikindzonot",31022,0.578,"MEDIO"
"Yucatán",31,"Chocholá",31023,0.726,"ALTO"
"Yucatán",31,"Chumayel",31024,0.595,"MEDIO"
"Yucatán",31,"Dzán",31025,0.7,"MEDIO"
"Yucatán",31,"Dzemul",31026,0.752,"ALTO"
"Yucatán",31,"Dzidzantún",31027,0.765,"ALTO"
"Yucatán",31,"Dzilam de Bravo",31028,0.726,"ALTO"
"Yucatán",31,"Dzilam González",31029,0.686,"MEDIO"
"Yucatán",31,"Dzitás",31030,0.665,"MEDIO"
"Yucatán",31,"Dzoncauich",31031,0.658,"MEDIO"
"Yucatán",31,"Espita",31032,0.612,"MEDIO"
"Yucatán",31,"Halachó",31033,0.672,"MEDIO"
"Yucatán",31,"Hocabá",31034,0.636,"MEDIO"
"Yucatán",31,"Hoctún",31035,0.686,"MEDIO"
"Yucatán",31,"Homún",31036,0.695,"MEDIO"
"Yucatán",31,"Huhí",31037,0.648,"MEDIO"
"Yucatán",31,"Hunucmá",31038,0.71,"ALTO"
"Yucatán",31,"Ixil",31039,0.735,"ALTO"
"Yucatán",31,"Izamal",31040,0.716,"ALTO"
"Yucatán",31,"Kanasín",31041,0.735,"ALTO"
"Yucatán",31,"Kantunil",31042,0.637,"MEDIO"
"Yucatán",31,"Kaua",31043,0.678,"MEDIO"
"Yucatán",31,"Kinchil",31044,0.702,"ALTO"
"Yucatán",31,"Kopomá",31045,0.703,"ALTO"
"Yucatán",31,"Mama",31046,0.691,"MEDIO"
"Yucatán",31,"Maní",31047,0.697,"MEDIO"
"Yucatán",31,"Maxcanú",31048,0.693,"MEDIO"
"Yucatán",31,"Mayapán",31049,0.541,"BAJO"
"Yucatán",31,"Mérida",31050,0.822,"MUY ALTO"
"Yucatán",31,"Mocochá",31051,0.739,"ALTO"
"Yucatán",31,"Motul",31052,0.738,"ALTO"
"Yucatán",31,"Muna",31053,0.721,"ALTO"
"Yucatán",31,"Muxupip",31054,0.741,"ALTO"
"Yucatán",31,"Opichén",31055,0.67,"MEDIO"
"Yucatán",31,"Oxkutzcab",31056,0.678,"MEDIO"
"Yucatán",31,"Panabá",31057,0.669,"MEDIO"
"Yucatán",31,"Peto",31058,0.649,"MEDIO"
"Yucatán",31,"Progreso",31059,0.767,"ALTO"
"Yucatán",31,"Quintana Roo",31060,0.673,"MEDIO"
"Yucatán",31,"Río Lagartos",31061,0.68,"MEDIO"
"Yucatán",31,"Sacalum",31062,0.683,"MEDIO"
"Yucatán",31,"Samahil",31063,0.708,"ALTO"
"Yucatán",31,"Sanahcat",31064,0.714,"ALTO"
"Yucatán",31,"San Felipe",31065,0.722,"ALTO"
"Yucatán",31,"Santa Elena",31066,0.699,"MEDIO"
"Yucatán",31,"Seyé",31067,0.705,"ALTO"
"Yucatán",31,"Sinanché",31068,0.724,"ALTO"
"Yucatán",31,"Sotuta",31069,0.654,"MEDIO"
"Yucatán",31,"Sucilá",31070,0.709,"ALTO"
"Yucatán",31,"Sudzal",31071,0.672,"MEDIO"
"Yucatán",31,"Suma",31072,0.722,"ALTO"
"Yucatán",31,"Tahdziú",31073,0.555,"MEDIO"
"Yucatán",31,"Tahmek",31074,0.733,"ALTO"
"Yucatán",31,"Teabo",31075,0.62,"MEDIO"
"Yucatán",31,"Tecoh",31076,0.68,"MEDIO"
"Yucatán",31,"Tekal de Venegas",31077,0.678,"MEDIO"
"Yucatán",31,"Tekantó",31078,0.712,"ALTO"
"Yucatán",31,"Tekax",31079,0.687,"MEDIO"
"Yucatán",31,"Tekit",31080,0.667,"MEDIO"
"Yucatán",31,"Tekom",31081,0.652,"MEDIO"
"Yucatán",31,"Telchac Pueblo",31082,0.756,"ALTO"
"Yucatán",31,"Telchac Puerto",31083,0.718,"ALTO"
"Yucatán",31,"Temax",31084,0.702,"ALTO"
"Yucatán",31,"Temozón",31085,0.62,"MEDIO"
"Yucatán",31,"Tepakán",31086,0.695,"MEDIO"
"Yucatán",31,"Tetiz",31087,0.618,"MEDIO"
"Yucatán",31,"Teya",31088,0.664,"MEDIO"
"Yucatán",31,"Ticul",31089,0.731,"ALTO"
"Yucatán",31,"Timucuy",31090,0.65,"MEDIO"
"Yucatán",31,"Tinum",31091,0.651,"MEDIO"
"Yucatán",31,"Tixcacalcupul",31092,0.619,"MEDIO"
"Yucatán",31,"Tixkokob",31093,0.776,"ALTO"
"Yucatán",31,"Tixmehuac",31094,0.601,"MEDIO"
"Yucatán",31,"Tixpéhual",31095,0.754,"ALTO"
"Yucatán",31,"Tizimín",31096,0.686,"MEDIO"
"Yucatán",31,"Tunkás",31097,0.673,"MEDIO"
"Yucatán",31,"Tzucacab",31098,0.661,"MEDIO"
"Yucatán",31,"Uayma",31099,0.611,"MEDIO"
"Yucatán",31,"Ucú",31100,0.731,"ALTO"
"Yucatán",31,"Umán",31101,0.74,"ALTO"
"Yucatán",31,"Valladolid",31102,0.734,"ALTO"
"Yucatán",31,"Xocchel",31103,0.7,"MEDIO"
"Yucatán",31,"Yaxcabá",31104,0.56,"MEDIO"
"Yucatán",31,"Yaxkukul",31105,0.762,"ALTO"
"Yucatán",31,"Yobaín",31106,0.701,"ALTO"
"Zacatecas",32,"Apozol",32001,0.684,"MEDIO"
"Zacatecas",32,"Apulco",32002,0.67,"MEDIO"
"Zacatecas",32,"Atolinga",32003,0.705,"ALTO"
"Zacatecas",32,"Benito Juárez",32004,0.683,"MEDIO"
"Zacatecas",32,"Calera",32005,0.731,"ALTO"
"Zacatecas",32,"Cañitas de Felipe Pescador",32006,0.705,"ALTO"
"Zacatecas",32,"Concepción del Oro",32007,0.736,"ALTO"
"Zacatecas",32,"Cuauhtémoc",32008,0.686,"MEDIO"
"Zacatecas",32,"Chalchihuites",32009,0.701,"ALTO"
"Zacatecas",32,"Fresnillo",32010,0.726,"ALTO"
"Zacatecas",32,"Trinidad García de la Cadena",32011,0.697,"MEDIO"
"Zacatecas",32,"Genaro Codina",32012,0.602,"MEDIO"
"Zacatecas",32,"General Enrique Estrada",32013,0.705,"ALTO"
"Zacatecas",32,"General Francisco R. Murguía",32014,0.674,"MEDIO"
"Zacatecas",32,"El Plateado de Joaquín Amaro",32015,0.67,"MEDIO"
"Zacatecas",32,"General Pánfilo Natera",32016,0.676,"MEDIO"
"Zacatecas",32,"Guadalupe",32017,0.815,"MUY ALTO"
"Zacatecas",32,"Huanusco",32018,0.684,"MEDIO"
"Zacatecas",32,"Jalpa",32019,0.718,"ALTO"
"Zacatecas",32,"Jerez",32020,0.744,"ALTO"
"Zacatecas",32,"Jiménez del Teul",32021,0.646,"MEDIO"
"Zacatecas",32,"Juan Aldama",32022,0.706,"ALTO"
"Zacatecas",32,"Juchipila",32023,0.747,"ALTO"
"Zacatecas",32,"Loreto",32024,0.727,"ALTO"
"Zacatecas",32,"Luis Moya",32025,0.714,"ALTO"
"Zacatecas",32,"Mazapil",32026,0.642,"MEDIO"
"Zacatecas",32,"Melchor Ocampo",32027,0.664,"MEDIO"
"Zacatecas",32,"Mezquital del Oro",32028,0.643,"MEDIO"
"Zacatecas",32,"Miguel Auza",32029,0.678,"MEDIO"
"Zacatecas",32,"Momax",32030,0.673,"MEDIO"
"Zacatecas",32,"Monte Escobedo",32031,0.701,"ALTO"
"Zacatecas",32,"Morelos",32032,0.758,"ALTO"
"Zacatecas",32,"Moyahua de Estrada",32033,0.715,"ALTO"
"Zacatecas",32,"Nochistlán de Mejía",32034,0.733,"ALTO"
"Zacatecas",32,"Noria de Ángeles",32035,0.665,"MEDIO"
"Zacatecas",32,"Ojocaliente",32036,0.696,"MEDIO"
"Zacatecas",32,"Pánuco",32037,0.665,"MEDIO"
"Zacatecas",32,"Pinos",32038,0.677,"MEDIO"
"Zacatecas",32,"Río Grande",32039,0.745,"ALTO"
"Zacatecas",32,"Sain Alto",32040,0.673,"MEDIO"
"Zacatecas",32,"El Salvador",32041,0.619,"MEDIO"
"Zacatecas",32,"Sombrerete",32042,0.727,"ALTO"
"Zacatecas",32,"Susticacán",32043,0.697,"MEDIO"
"Zacatecas",32,"Tabasco",32044,0.681,"MEDIO"
"Zacatecas",32,"Tepechitlán",32045,0.708,"ALTO"
"Zacatecas",32,"Tepetongo",32046,0.653,"MEDIO"
"Zacatecas",32,"Teúl de González Ortega",32047,0.714,"ALTO"
"Zacatecas",32,"Tlaltenango de Sánchez Román",32048,0.734,"ALTO"
"Zacatecas",32,"Valparaíso",32049,0.718,"ALTO"
"Zacatecas",32,"Vetagrande",32050,0.712,"ALTO"
"Zacatecas",32,"Villa de Cos",32051,0.67,"MEDIO"
"Zacatecas",32,"Villa García",32052,0.727,"ALTO"
"Zacatecas",32,"Villa González Ortega",32053,0.694,"MEDIO"
"Zacatecas",32,"Villa Hidalgo",32054,0.656,"MEDIO"
"Zacatecas",32,"Villanueva",32055,0.713,"ALTO"
"Zacatecas",32,"Zacatecas",32056,0.825,"MUY ALTO"
"Zacatecas",32,"Trancoso",32057,0.692,"MEDIO"
"Zacatecas",32,"Santa María de la Paz",32058,0.713,"ALTO"
